Workbook

Sheet Generator
A1: 🍽 Weekly Meal Generator — by cuisine
A2: Type how many of each cuisine you want per meal. Each row can total anything (e.g. 7).
B4: Asian | C4: Chinese | D4: Western | E4: Total
A5: Breakfast | B5: 2 | C5: 2 | D5: 3 | E5: =SUM(B5:D5)
A6: Lunch | B6: 3 | C6: 2 | D6: 2 | E6: =SUM(B6:D6)
A7: Dinner | B7: 2 | C7: 3 | D7: 2 | E7: =SUM(B7:D7)
A8: Max available → | B8: B 3 / L 26 / D 89 | C8: B 2 / L 26 / D160 | D8: B 11 / L 44 / D 58
A9: ↻ Reshuffle: | B9: tap a cell, type a space, Enter, delete — refreshes all picks.
A11: 🥐 BREAKFAST
A12: # | B12: Cuisine | C12: Recipe | D12: Ingredients | E12: Recipe link
A13: =IF($F13=0,"",1) | B13: =IF($F13=0,"",IF($F13=1,"Asian",IF($F13=2,"Chinese","Western"))) | C13: {=IFERROR(IF($F13=1,INDEX('All Recipes'!$A$2:$A$554,MATCH(LARGE('All Recipes'!$G$2:$G$554,$G13),'All Recipes'!$G$2:$G$554,0)),IF($F13=2,INDEX('All Recipes'!$A$2:$A$554,MATCH(LARGE('All Recipes'!$H$2:$H$554,$G13),'All Recipes'!$H$2:$H$554,0)),IF($F13=3,INDEX('All Recipes'!$A$2:$A$554,MATCH(LARGE('All Recipes'!$I$2:$I$554,$G13),'All Recipes'!$I$2:$I$554,0)),""))),"")} | D13: {=IFERROR(IF($F13=1,INDEX('All Recipes'!$B$2:$B$554,MATCH(LARGE('All Recipes'!$G$2:$G$554,$G13),'All Recipes'!$G$2:$G$554,0)),IF($F13=2,INDEX('All Recipes'!$B$2:$B$554,MATCH(LARGE('All Recipes'!$H$2:$H$554,$G13),'All Recipes'!$H$2:$H$554,0)),IF($F13=3,INDEX('All Recipes'!$B$2:$B$554,MATCH(LARGE('All Recipes'!$I$2:$I$554,$G13),'All Recipes'!$I$2:$I$554,0)),""))),"")} | E13: {=IFERROR(IF($F13=1,INDEX('All Recipes'!$F$2:$F$554,MATCH(LARGE('All Recipes'!$G$2:$G$554,$G13),'All Recipes'!$G$2:$G$554,0)),IF($F13=2,INDEX('All Recipes'!$F$2:$F$554,MATCH(LARGE('All Recipes'!$H$2:$H$554,$G13),'All Recipes'!$H$2:$H$554,0)),IF($F13=3,INDEX('All Recipes'!$F$2:$F$554,MATCH(LARGE('All Recipes'!$I$2:$I$554,$G13),'All Recipes'!$I$2:$I$554,0)),""))),"")} | F13: =IF(1<=$B$5,1,IF(1<=$B$5+$C$5,2,IF(1<=$B$5+$C$5+$D$5,3,0))) | G13: =IF(1<=$B$5,1,IF(1<=$B$5+$C$5,1-$B$5,IF(1<=$B$5+$C$5+$D$5,1-$B$5-$C$5,0)))
A14: =IF($F14=0,"",2) | B14: =IF($F14=0,"",IF($F14=1,"Asian",IF($F14=2,"Chinese","Western"))) | C14: {=IFERROR(IF($F14=1,INDEX('All Recipes'!$A$2:$A$554,MATCH(LARGE('All Recipes'!$G$2:$G$554,$G14),'All Recipes'!$G$2:$G$554,0)),IF($F14=2,INDEX('All Recipes'!$A$2:$A$554,MATCH(LARGE('All Recipes'!$H$2:$H$554,$G14),'All Recipes'!$H$2:$H$554,0)),IF($F14=3,INDEX('All Recipes'!$A$2:$A$554,MATCH(LARGE('All Recipes'!$I$2:$I$554,$G14),'All Recipes'!$I$2:$I$554,0)),""))),"")} | D14: {=IFERROR(IF($F14=1,INDEX('All Recipes'!$B$2:$B$554,MATCH(LARGE('All Recipes'!$G$2:$G$554,$G14),'All Recipes'!$G$2:$G$554,0)),IF($F14=2,INDEX('All Recipes'!$B$2:$B$554,MATCH(LARGE('All Recipes'!$H$2:$H$554,$G14),'All Recipes'!$H$2:$H$554,0)),IF($F14=3,INDEX('All Recipes'!$B$2:$B$554,MATCH(LARGE('All Recipes'!$I$2:$I$554,$G14),'All Recipes'!$I$2:$I$554,0)),""))),"")} | E14: {=IFERROR(IF($F14=1,INDEX('All Recipes'!$F$2:$F$554,MATCH(LARGE('All Recipes'!$G$2:$G$554,$G14),'All Recipes'!$G$2:$G$554,0)),IF($F14=2,INDEX('All Recipes'!$F$2:$F$554,MATCH(LARGE('All Recipes'!$H$2:$H$554,$G14),'All Recipes'!$H$2:$H$554,0)),IF($F14=3,INDEX('All Recipes'!$F$2:$F$554,MATCH(LARGE('All Recipes'!$I$2:$I$554,$G14),'All Recipes'!$I$2:$I$554,0)),""))),"")} | F14: =IF(2<=$B$5,1,IF(2<=$B$5+$C$5,2,IF(2<=$B$5+$C$5+$D$5,3,0))) | G14: =IF(2<=$B$5,2,IF(2<=$B$5+$C$5,2-$B$5,IF(2<=$B$5+$C$5+$D$5,2-$B$5-$C$5,0)))
A15: =IF($F15=0,"",3) | B15: =IF($F15=0,"",IF($F15=1,"Asian",IF($F15=2,"Chinese","Western"))) | C15: {=IFERROR(IF($F15=1,INDEX('All Recipes'!$A$2:$A$554,MATCH(LARGE('All Recipes'!$G$2:$G$554,$G15),'All Recipes'!$G$2:$G$554,0)),IF($F15=2,INDEX('All Recipes'!$A$2:$A$554,MATCH(LARGE('All Recipes'!$H$2:$H$554,$G15),'All Recipes'!$H$2:$H$554,0)),IF($F15=3,INDEX('All Recipes'!$A$2:$A$554,MATCH(LARGE('All Recipes'!$I$2:$I$554,$G15),'All Recipes'!$I$2:$I$554,0)),""))),"")} | D15: {=IFERROR(IF($F15=1,INDEX('All Recipes'!$B$2:$B$554,MATCH(LARGE('All Recipes'!$G$2:$G$554,$G15),'All Recipes'!$G$2:$G$554,0)),IF($F15=2,INDEX('All Recipes'!$B$2:$B$554,MATCH(LARGE('All Recipes'!$H$2:$H$554,$G15),'All Recipes'!$H$2:$H$554,0)),IF($F15=3,INDEX('All Recipes'!$B$2:$B$554,MATCH(LARGE('All Recipes'!$I$2:$I$554,$G15),'All Recipes'!$I$2:$I$554,0)),""))),"")} | E15: {=IFERROR(IF($F15=1,INDEX('All Recipes'!$F$2:$F$554,MATCH(LARGE('All Recipes'!$G$2:$G$554,$G15),'All Recipes'!$G$2:$G$554,0)),IF($F15=2,INDEX('All Recipes'!$F$2:$F$554,MATCH(LARGE('All Recipes'!$H$2:$H$554,$G15),'All Recipes'!$H$2:$H$554,0)),IF($F15=3,INDEX('All Recipes'!$F$2:$F$554,MATCH(LARGE('All Recipes'!$I$2:$I$554,$G15),'All Recipes'!$I$2:$I$554,0)),""))),"")} | F15: =IF(3<=$B$5,1,IF(3<=$B$5+$C$5,2,IF(3<=$B$5+$C$5+$D$5,3,0))) | G15: =IF(3<=$B$5,3,IF(3<=$B$5+$C$5,3-$B$5,IF(3<=$B$5+$C$5+$D$5,3-$B$5-$C$5,0)))
A16: =IF($F16=0,"",4) | B16: =IF($F16=0,"",IF($F16=1,"Asian",IF($F16=2,"Chinese","Western"))) | C16: {=IFERROR(IF($F16=1,INDEX('All Recipes'!$A$2:$A$554,MATCH(LARGE('All Recipes'!$G$2:$G$554,$G16),'All Recipes'!$G$2:$G$554,0)),IF($F16=2,INDEX('All Recipes'!$A$2:$A$554,MATCH(LARGE('All Recipes'!$H$2:$H$554,$G16),'All Recipes'!$H$2:$H$554,0)),IF($F16=3,INDEX('All Recipes'!$A$2:$A$554,MATCH(LARGE('All Recipes'!$I$2:$I$554,$G16),'All Recipes'!$I$2:$I$554,0)),""))),"")} | D16: {=IFERROR(IF($F16=1,INDEX('All Recipes'!$B$2:$B$554,MATCH(LARGE('All Recipes'!$G$2:$G$554,$G16),'All Recipes'!$G$2:$G$554,0)),IF($F16=2,INDEX('All Recipes'!$B$2:$B$554,MATCH(LARGE('All Recipes'!$H$2:$H$554,$G16),'All Recipes'!$H$2:$H$554,0)),IF($F16=3,INDEX('All Recipes'!$B$2:$B$554,MATCH(LARGE('All Recipes'!$I$2:$I$554,$G16),'All Recipes'!$I$2:$I$554,0)),""))),"")} | E16: {=IFERROR(IF($F16=1,INDEX('All Recipes'!$F$2:$F$554,MATCH(LARGE('All Recipes'!$G$2:$G$554,$G16),'All Recipes'!$G$2:$G$554,0)),IF($F16=2,INDEX('All Recipes'!$F$2:$F$554,MATCH(LARGE('All Recipes'!$H$2:$H$554,$G16),'All Recipes'!$H$2:$H$554,0)),IF($F16=3,INDEX('All Recipes'!$F$2:$F$554,MATCH(LARGE('All Recipes'!$I$2:$I$554,$G16),'All Recipes'!$I$2:$I$554,0)),""))),"")} | F16: =IF(4<=$B$5,1,IF(4<=$B$5+$C$5,2,IF(4<=$B$5+$C$5+$D$5,3,0))) | G16: =IF(4<=$B$5,4,IF(4<=$B$5+$C$5,4-$B$5,IF(4<=$B$5+$C$5+$D$5,4-$B$5-$C$5,0)))
A17: =IF($F17=0,"",5) | B17: =IF($F17=0,"",IF($F17=1,"Asian",IF($F17=2,"Chinese","Western"))) | C17: {=IFERROR(IF($F17=1,INDEX('All Recipes'!$A$2:$A$554,MATCH(LARGE('All Recipes'!$G$2:$G$554,$G17),'All Recipes'!$G$2:$G$554,0)),IF($F17=2,INDEX('All Recipes'!$A$2:$A$554,MATCH(LARGE('All Recipes'!$H$2:$H$554,$G17),'All Recipes'!$H$2:$H$554,0)),IF($F17=3,INDEX('All Recipes'!$A$2:$A$554,MATCH(LARGE('All Recipes'!$I$2:$I$554,$G17),'All Recipes'!$I$2:$I$554,0)),""))),"")} | D17: {=IFERROR(IF($F17=1,INDEX('All Recipes'!$B$2:$B$554,MATCH(LARGE('All Recipes'!$G$2:$G$554,$G17),'All Recipes'!$G$2:$G$554,0)),IF($F17=2,INDEX('All Recipes'!$B$2:$B$554,MATCH(LARGE('All Recipes'!$H$2:$H$554,$G17),'All Recipes'!$H$2:$H$554,0)),IF($F17=3,INDEX('All Recipes'!$B$2:$B$554,MATCH(LARGE('All Recipes'!$I$2:$I$554,$G17),'All Recipes'!$I$2:$I$554,0)),""))),"")} | E17: {=IFERROR(IF($F17=1,INDEX('All Recipes'!$F$2:$F$554,MATCH(LARGE('All Recipes'!$G$2:$G$554,$G17),'All Recipes'!$G$2:$G$554,0)),IF($F17=2,INDEX('All Recipes'!$F$2:$F$554,MATCH(LARGE('All Recipes'!$H$2:$H$554,$G17),'All Recipes'!$H$2:$H$554,0)),IF($F17=3,INDEX('All Recipes'!$F$2:$F$554,MATCH(LARGE('All Recipes'!$I$2:$I$554,$G17),'All Recipes'!$I$2:$I$554,0)),""))),"")} | F17: =IF(5<=$B$5,1,IF(5<=$B$5+$C$5,2,IF(5<=$B$5+$C$5+$D$5,3,0))) | G17: =IF(5<=$B$5,5,IF(5<=$B$5+$C$5,5-$B$5,IF(5<=$B$5+$C$5+$D$5,5-$B$5-$C$5,0)))
A18: =IF($F18=0,"",6) | B18: =IF($F18=0,"",IF($F18=1,"Asian",IF($F18=2,"Chinese","Western"))) | C18: {=IFERROR(IF($F18=1,INDEX('All Recipes'!$A$2:$A$554,MATCH(LARGE('All Recipes'!$G$2:$G$554,$G18),'All Recipes'!$G$2:$G$554,0)),IF($F18=2,INDEX('All Recipes'!$A$2:$A$554,MATCH(LARGE('All Recipes'!$H$2:$H$554,$G18),'All Recipes'!$H$2:$H$554,0)),IF($F18=3,INDEX('All Recipes'!$A$2:$A$554,MATCH(LARGE('All Recipes'!$I$2:$I$554,$G18),'All Recipes'!$I$2:$I$554,0)),""))),"")} | D18: {=IFERROR(IF($F18=1,INDEX('All Recipes'!$B$2:$B$554,MATCH(LARGE('All Recipes'!$G$2:$G$554,$G18),'All Recipes'!$G$2:$G$554,0)),IF($F18=2,INDEX('All Recipes'!$B$2:$B$554,MATCH(LARGE('All Recipes'!$H$2:$H$554,$G18),'All Recipes'!$H$2:$H$554,0)),IF($F18=3,INDEX('All Recipes'!$B$2:$B$554,MATCH(LARGE('All Recipes'!$I$2:$I$554,$G18),'All Recipes'!$I$2:$I$554,0)),""))),"")} | E18: {=IFERROR(IF($F18=1,INDEX('All Recipes'!$F$2:$F$554,MATCH(LARGE('All Recipes'!$G$2:$G$554,$G18),'All Recipes'!$G$2:$G$554,0)),IF($F18=2,INDEX('All Recipes'!$F$2:$F$554,MATCH(LARGE('All Recipes'!$H$2:$H$554,$G18),'All Recipes'!$H$2:$H$554,0)),IF($F18=3,INDEX('All Recipes'!$F$2:$F$554,MATCH(LARGE('All Recipes'!$I$2:$I$554,$G18),'All Recipes'!$I$2:$I$554,0)),""))),"")} | F18: =IF(6<=$B$5,1,IF(6<=$B$5+$C$5,2,IF(6<=$B$5+$C$5+$D$5,3,0))) | G18: =IF(6<=$B$5,6,IF(6<=$B$5+$C$5,6-$B$5,IF(6<=$B$5+$C$5+$D$5,6-$B$5-$C$5,0)))
A19: =IF($F19=0,"",7) | B19: =IF($F19=0,"",IF($F19=1,"Asian",IF($F19=2,"Chinese","Western"))) | C19: {=IFERROR(IF($F19=1,INDEX('All Recipes'!$A$2:$A$554,MATCH(LARGE('All Recipes'!$G$2:$G$554,$G19),'All Recipes'!$G$2:$G$554,0)),IF($F19=2,INDEX('All Recipes'!$A$2:$A$554,MATCH(LARGE('All Recipes'!$H$2:$H$554,$G19),'All Recipes'!$H$2:$H$554,0)),IF($F19=3,INDEX('All Recipes'!$A$2:$A$554,MATCH(LARGE('All Recipes'!$I$2:$I$554,$G19),'All Recipes'!$I$2:$I$554,0)),""))),"")} | D19: {=IFERROR(IF($F19=1,INDEX('All Recipes'!$B$2:$B$554,MATCH(LARGE('All Recipes'!$G$2:$G$554,$G19),'All Recipes'!$G$2:$G$554,0)),IF($F19=2,INDEX('All Recipes'!$B$2:$B$554,MATCH(LARGE('All Recipes'!$H$2:$H$554,$G19),'All Recipes'!$H$2:$H$554,0)),IF($F19=3,INDEX('All Recipes'!$B$2:$B$554,MATCH(LARGE('All Recipes'!$I$2:$I$554,$G19),'All Recipes'!$I$2:$I$554,0)),""))),"")} | E19: {=IFERROR(IF($F19=1,INDEX('All Recipes'!$F$2:$F$554,MATCH(LARGE('All Recipes'!$G$2:$G$554,$G19),'All Recipes'!$G$2:$G$554,0)),IF($F19=2,INDEX('All Recipes'!$F$2:$F$554,MATCH(LARGE('All Recipes'!$H$2:$H$554,$G19),'All Recipes'!$H$2:$H$554,0)),IF($F19=3,INDEX('All Recipes'!$F$2:$F$554,MATCH(LARGE('All Recipes'!$I$2:$I$554,$G19),'All Recipes'!$I$2:$I$554,0)),""))),"")} | F19: =IF(7<=$B$5,1,IF(7<=$B$5+$C$5,2,IF(7<=$B$5+$C$5+$D$5,3,0))) | G19: =IF(7<=$B$5,7,IF(7<=$B$5+$C$5,7-$B$5,IF(7<=$B$5+$C$5+$D$5,7-$B$5-$C$5,0)))
A20: =IF($F20=0,"",8) | B20: =IF($F20=0,"",IF($F20=1,"Asian",IF($F20=2,"Chinese","Western"))) | C20: {=IFERROR(IF($F20=1,INDEX('All Recipes'!$A$2:$A$554,MATCH(LARGE('All Recipes'!$G$2:$G$554,$G20),'All Recipes'!$G$2:$G$554,0)),IF($F20=2,INDEX('All Recipes'!$A$2:$A$554,MATCH(LARGE('All Recipes'!$H$2:$H$554,$G20),'All Recipes'!$H$2:$H$554,0)),IF($F20=3,INDEX('All Recipes'!$A$2:$A$554,MATCH(LARGE('All Recipes'!$I$2:$I$554,$G20),'All Recipes'!$I$2:$I$554,0)),""))),"")} | D20: {=IFERROR(IF($F20=1,INDEX('All Recipes'!$B$2:$B$554,MATCH(LARGE('All Recipes'!$G$2:$G$554,$G20),'All Recipes'!$G$2:$G$554,0)),IF($F20=2,INDEX('All Recipes'!$B$2:$B$554,MATCH(LARGE('All Recipes'!$H$2:$H$554,$G20),'All Recipes'!$H$2:$H$554,0)),IF($F20=3,INDEX('All Recipes'!$B$2:$B$554,MATCH(LARGE('All Recipes'!$I$2:$I$554,$G20),'All Recipes'!$I$2:$I$554,0)),""))),"")} | E20: {=IFERROR(IF($F20=1,INDEX('All Recipes'!$F$2:$F$554,MATCH(LARGE('All Recipes'!$G$2:$G$554,$G20),'All Recipes'!$G$2:$G$554,0)),IF($F20=2,INDEX('All Recipes'!$F$2:$F$554,MATCH(LARGE('All Recipes'!$H$2:$H$554,$G20),'All Recipes'!$H$2:$H$554,0)),IF($F20=3,INDEX('All Recipes'!$F$2:$F$554,MATCH(LARGE('All Recipes'!$I$2:$I$554,$G20),'All Recipes'!$I$2:$I$554,0)),""))),"")} | F20: =IF(8<=$B$5,1,IF(8<=$B$5+$C$5,2,IF(8<=$B$5+$C$5+$D$5,3,0))) | G20: =IF(8<=$B$5,8,IF(8<=$B$5+$C$5,8-$B$5,IF(8<=$B$5+$C$5+$D$5,8-$B$5-$C$5,0)))
A21: =IF($F21=0,"",9) | B21: =IF($F21=0,"",IF($F21=1,"Asian",IF($F21=2,"Chinese","Western"))) | C21: {=IFERROR(IF($F21=1,INDEX('All Recipes'!$A$2:$A$554,MATCH(LARGE('All Recipes'!$G$2:$G$554,$G21),'All Recipes'!$G$2:$G$554,0)),IF($F21=2,INDEX('All Recipes'!$A$2:$A$554,MATCH(LARGE('All Recipes'!$H$2:$H$554,$G21),'All Recipes'!$H$2:$H$554,0)),IF($F21=3,INDEX('All Recipes'!$A$2:$A$554,MATCH(LARGE('All Recipes'!$I$2:$I$554,$G21),'All Recipes'!$I$2:$I$554,0)),""))),"")} | D21: {=IFERROR(IF($F21=1,INDEX('All Recipes'!$B$2:$B$554,MATCH(LARGE('All Recipes'!$G$2:$G$554,$G21),'All Recipes'!$G$2:$G$554,0)),IF($F21=2,INDEX('All Recipes'!$B$2:$B$554,MATCH(LARGE('All Recipes'!$H$2:$H$554,$G21),'All Recipes'!$H$2:$H$554,0)),IF($F21=3,INDEX('All Recipes'!$B$2:$B$554,MATCH(LARGE('All Recipes'!$I$2:$I$554,$G21),'All Recipes'!$I$2:$I$554,0)),""))),"")} | E21: {=IFERROR(IF($F21=1,INDEX('All Recipes'!$F$2:$F$554,MATCH(LARGE('All Recipes'!$G$2:$G$554,$G21),'All Recipes'!$G$2:$G$554,0)),IF($F21=2,INDEX('All Recipes'!$F$2:$F$554,MATCH(LARGE('All Recipes'!$H$2:$H$554,$G21),'All Recipes'!$H$2:$H$554,0)),IF($F21=3,INDEX('All Recipes'!$F$2:$F$554,MATCH(LARGE('All Recipes'!$I$2:$I$554,$G21),'All Recipes'!$I$2:$I$554,0)),""))),"")} | F21: =IF(9<=$B$5,1,IF(9<=$B$5+$C$5,2,IF(9<=$B$5+$C$5+$D$5,3,0))) | G21: =IF(9<=$B$5,9,IF(9<=$B$5+$C$5,9-$B$5,IF(9<=$B$5+$C$5+$D$5,9-$B$5-$C$5,0)))
A22: =IF($F22=0,"",10) | B22: =IF($F22=0,"",IF($F22=1,"Asian",IF($F22=2,"Chinese","Western"))) | C22: {=IFERROR(IF($F22=1,INDEX('All Recipes'!$A$2:$A$554,MATCH(LARGE('All Recipes'!$G$2:$G$554,$G22),'All Recipes'!$G$2:$G$554,0)),IF($F22=2,INDEX('All Recipes'!$A$2:$A$554,MATCH(LARGE('All Recipes'!$H$2:$H$554,$G22),'All Recipes'!$H$2:$H$554,0)),IF($F22=3,INDEX('All Recipes'!$A$2:$A$554,MATCH(LARGE('All Recipes'!$I$2:$I$554,$G22),'All Recipes'!$I$2:$I$554,0)),""))),"")} | D22: {=IFERROR(IF($F22=1,INDEX('All Recipes'!$B$2:$B$554,MATCH(LARGE('All Recipes'!$G$2:$G$554,$G22),'All Recipes'!$G$2:$G$554,0)),IF($F22=2,INDEX('All Recipes'!$B$2:$B$554,MATCH(LARGE('All Recipes'!$H$2:$H$554,$G22),'All Recipes'!$H$2:$H$554,0)),IF($F22=3,INDEX('All Recipes'!$B$2:$B$554,MATCH(LARGE('All Recipes'!$I$2:$I$554,$G22),'All Recipes'!$I$2:$I$554,0)),""))),"")} | E22: {=IFERROR(IF($F22=1,INDEX('All Recipes'!$F$2:$F$554,MATCH(LARGE('All Recipes'!$G$2:$G$554,$G22),'All Recipes'!$G$2:$G$554,0)),IF($F22=2,INDEX('All Recipes'!$F$2:$F$554,MATCH(LARGE('All Recipes'!$H$2:$H$554,$G22),'All Recipes'!$H$2:$H$554,0)),IF($F22=3,INDEX('All Recipes'!$F$2:$F$554,MATCH(LARGE('All Recipes'!$I$2:$I$554,$G22),'All Recipes'!$I$2:$I$554,0)),""))),"")} | F22: =IF(10<=$B$5,1,IF(10<=$B$5+$C$5,2,IF(10<=$B$5+$C$5+$D$5,3,0))) | G22: =IF(10<=$B$5,10,IF(10<=$B$5+$C$5,10-$B$5,IF(10<=$B$5+$C$5+$D$5,10-$B$5-$C$5,0)))
A23: =IF($F23=0,"",11) | B23: =IF($F23=0,"",IF($F23=1,"Asian",IF($F23=2,"Chinese","Western"))) | C23: {=IFERROR(IF($F23=1,INDEX('All Recipes'!$A$2:$A$554,MATCH(LARGE('All Recipes'!$G$2:$G$554,$G23),'All Recipes'!$G$2:$G$554,0)),IF($F23=2,INDEX('All Recipes'!$A$2:$A$554,MATCH(LARGE('All Recipes'!$H$2:$H$554,$G23),'All Recipes'!$H$2:$H$554,0)),IF($F23=3,INDEX('All Recipes'!$A$2:$A$554,MATCH(LARGE('All Recipes'!$I$2:$I$554,$G23),'All Recipes'!$I$2:$I$554,0)),""))),"")} | D23: {=IFERROR(IF($F23=1,INDEX('All Recipes'!$B$2:$B$554,MATCH(LARGE('All Recipes'!$G$2:$G$554,$G23),'All Recipes'!$G$2:$G$554,0)),IF($F23=2,INDEX('All Recipes'!$B$2:$B$554,MATCH(LARGE('All Recipes'!$H$2:$H$554,$G23),'All Recipes'!$H$2:$H$554,0)),IF($F23=3,INDEX('All Recipes'!$B$2:$B$554,MATCH(LARGE('All Recipes'!$I$2:$I$554,$G23),'All Recipes'!$I$2:$I$554,0)),""))),"")} | E23: {=IFERROR(IF($F23=1,INDEX('All Recipes'!$F$2:$F$554,MATCH(LARGE('All Recipes'!$G$2:$G$554,$G23),'All Recipes'!$G$2:$G$554,0)),IF($F23=2,INDEX('All Recipes'!$F$2:$F$554,MATCH(LARGE('All Recipes'!$H$2:$H$554,$G23),'All Recipes'!$H$2:$H$554,0)),IF($F23=3,INDEX('All Recipes'!$F$2:$F$554,MATCH(LARGE('All Recipes'!$I$2:$I$554,$G23),'All Recipes'!$I$2:$I$554,0)),""))),"")} | F23: =IF(11<=$B$5,1,IF(11<=$B$5+$C$5,2,IF(11<=$B$5+$C$5+$D$5,3,0))) | G23: =IF(11<=$B$5,11,IF(11<=$B$5+$C$5,11-$B$5,IF(11<=$B$5+$C$5+$D$5,11-$B$5-$C$5,0)))
A24: =IF($F24=0,"",12) | B24: =IF($F24=0,"",IF($F24=1,"Asian",IF($F24=2,"Chinese","Western"))) | C24: {=IFERROR(IF($F24=1,INDEX('All Recipes'!$A$2:$A$554,MATCH(LARGE('All Recipes'!$G$2:$G$554,$G24),'All Recipes'!$G$2:$G$554,0)),IF($F24=2,INDEX('All Recipes'!$A$2:$A$554,MATCH(LARGE('All Recipes'!$H$2:$H$554,$G24),'All Recipes'!$H$2:$H$554,0)),IF($F24=3,INDEX('All Recipes'!$A$2:$A$554,MATCH(LARGE('All Recipes'!$I$2:$I$554,$G24),'All Recipes'!$I$2:$I$554,0)),""))),"")} | D24: {=IFERROR(IF($F24=1,INDEX('All Recipes'!$B$2:$B$554,MATCH(LARGE('All Recipes'!$G$2:$G$554,$G24),'All Recipes'!$G$2:$G$554,0)),IF($F24=2,INDEX('All Recipes'!$B$2:$B$554,MATCH(LARGE('All Recipes'!$H$2:$H$554,$G24),'All Recipes'!$H$2:$H$554,0)),IF($F24=3,INDEX('All Recipes'!$B$2:$B$554,MATCH(LARGE('All Recipes'!$I$2:$I$554,$G24),'All Recipes'!$I$2:$I$554,0)),""))),"")} | E24: {=IFERROR(IF($F24=1,INDEX('All Recipes'!$F$2:$F$554,MATCH(LARGE('All Recipes'!$G$2:$G$554,$G24),'All Recipes'!$G$2:$G$554,0)),IF($F24=2,INDEX('All Recipes'!$F$2:$F$554,MATCH(LARGE('All Recipes'!$H$2:$H$554,$G24),'All Recipes'!$H$2:$H$554,0)),IF($F24=3,INDEX('All Recipes'!$F$2:$F$554,MATCH(LARGE('All Recipes'!$I$2:$I$554,$G24),'All Recipes'!$I$2:$I$554,0)),""))),"")} | F24: =IF(12<=$B$5,1,IF(12<=$B$5+$C$5,2,IF(12<=$B$5+$C$5+$D$5,3,0))) | G24: =IF(12<=$B$5,12,IF(12<=$B$5+$C$5,12-$B$5,IF(12<=$B$5+$C$5+$D$5,12-$B$5-$C$5,0)))
A26: 🥗 LUNCH
A27: # | B27: Cuisine | C27: Recipe | D27: Ingredients | E27: Recipe link
A28: =IF($F28=0,"",1) | B28: =IF($F28=0,"",IF($F28=1,"Asian",IF($F28=2,"Chinese","Western"))) | C28: {=IFERROR(IF($F28=1,INDEX('All Recipes'!$A$2:$A$554,MATCH(LARGE('All Recipes'!$J$2:$J$554,$G28),'All Recipes'!$J$2:$J$554,0)),IF($F28=2,INDEX('All Recipes'!$A$2:$A$554,MATCH(LARGE('All Recipes'!$K$2:$K$554,$G28),'All Recipes'!$K$2:$K$554,0)),IF($F28=3,INDEX('All Recipes'!$A$2:$A$554,MATCH(LARGE('All Recipes'!$L$2:$L$554,$G28),'All Recipes'!$L$2:$L$554,0)),""))),"")} | D28: {=IFERROR(IF($F28=1,INDEX('All Recipes'!$B$2:$B$554,MATCH(LARGE('All Recipes'!$J$2:$J$554,$G28),'All Recipes'!$J$2:$J$554,0)),IF($F28=2,INDEX('All Recipes'!$B$2:$B$554,MATCH(LARGE('All Recipes'!$K$2:$K$554,$G28),'All Recipes'!$K$2:$K$554,0)),IF($F28=3,INDEX('All Recipes'!$B$2:$B$554,MATCH(LARGE('All Recipes'!$L$2:$L$554,$G28),'All Recipes'!$L$2:$L$554,0)),""))),"")} | E28: {=IFERROR(IF($F28=1,INDEX('All Recipes'!$F$2:$F$554,MATCH(LARGE('All Recipes'!$J$2:$J$554,$G28),'All Recipes'!$J$2:$J$554,0)),IF($F28=2,INDEX('All Recipes'!$F$2:$F$554,MATCH(LARGE('All Recipes'!$K$2:$K$554,$G28),'All Recipes'!$K$2:$K$554,0)),IF($F28=3,INDEX('All Recipes'!$F$2:$F$554,MATCH(LARGE('All Recipes'!$L$2:$L$554,$G28),'All Recipes'!$L$2:$L$554,0)),""))),"")} | F28: =IF(1<=$B$6,1,IF(1<=$B$6+$C$6,2,IF(1<=$B$6+$C$6+$D$6,3,0))) | G28: =IF(1<=$B$6,1,IF(1<=$B$6+$C$6,1-$B$6,IF(1<=$B$6+$C$6+$D$6,1-$B$6-$C$6,0)))
A29: =IF($F29=0,"",2) | B29: =IF($F29=0,"",IF($F29=1,"Asian",IF($F29=2,"Chinese","Western"))) | C29: {=IFERROR(IF($F29=1,INDEX('All Recipes'!$A$2:$A$554,MATCH(LARGE('All Recipes'!$J$2:$J$554,$G29),'All Recipes'!$J$2:$J$554,0)),IF($F29=2,INDEX('All Recipes'!$A$2:$A$554,MATCH(LARGE('All Recipes'!$K$2:$K$554,$G29),'All Recipes'!$K$2:$K$554,0)),IF($F29=3,INDEX('All Recipes'!$A$2:$A$554,MATCH(LARGE('All Recipes'!$L$2:$L$554,$G29),'All Recipes'!$L$2:$L$554,0)),""))),"")} | D29: {=IFERROR(IF($F29=1,INDEX('All Recipes'!$B$2:$B$554,MATCH(LARGE('All Recipes'!$J$2:$J$554,$G29),'All Recipes'!$J$2:$J$554,0)),IF($F29=2,INDEX('All Recipes'!$B$2:$B$554,MATCH(LARGE('All Recipes'!$K$2:$K$554,$G29),'All Recipes'!$K$2:$K$554,0)),IF($F29=3,INDEX('All Recipes'!$B$2:$B$554,MATCH(LARGE('All Recipes'!$L$2:$L$554,$G29),'All Recipes'!$L$2:$L$554,0)),""))),"")} | E29: {=IFERROR(IF($F29=1,INDEX('All Recipes'!$F$2:$F$554,MATCH(LARGE('All Recipes'!$J$2:$J$554,$G29),'All Recipes'!$J$2:$J$554,0)),IF($F29=2,INDEX('All Recipes'!$F$2:$F$554,MATCH(LARGE('All Recipes'!$K$2:$K$554,$G29),'All Recipes'!$K$2:$K$554,0)),IF($F29=3,INDEX('All Recipes'!$F$2:$F$554,MATCH(LARGE('All Recipes'!$L$2:$L$554,$G29),'All Recipes'!$L$2:$L$554,0)),""))),"")} | F29: =IF(2<=$B$6,1,IF(2<=$B$6+$C$6,2,IF(2<=$B$6+$C$6+$D$6,3,0))) | G29: =IF(2<=$B$6,2,IF(2<=$B$6+$C$6,2-$B$6,IF(2<=$B$6+$C$6+$D$6,2-$B$6-$C$6,0)))
A30: =IF($F30=0,"",3) | B30: =IF($F30=0,"",IF($F30=1,"Asian",IF($F30=2,"Chinese","Western"))) | C30: {=IFERROR(IF($F30=1,INDEX('All Recipes'!$A$2:$A$554,MATCH(LARGE('All Recipes'!$J$2:$J$554,$G30),'All Recipes'!$J$2:$J$554,0)),IF($F30=2,INDEX('All Recipes'!$A$2:$A$554,MATCH(LARGE('All Recipes'!$K$2:$K$554,$G30),'All Recipes'!$K$2:$K$554,0)),IF($F30=3,INDEX('All Recipes'!$A$2:$A$554,MATCH(LARGE('All Recipes'!$L$2:$L$554,$G30),'All Recipes'!$L$2:$L$554,0)),""))),"")} | D30: {=IFERROR(IF($F30=1,INDEX('All Recipes'!$B$2:$B$554,MATCH(LARGE('All Recipes'!$J$2:$J$554,$G30),'All Recipes'!$J$2:$J$554,0)),IF($F30=2,INDEX('All Recipes'!$B$2:$B$554,MATCH(LARGE('All Recipes'!$K$2:$K$554,$G30),'All Recipes'!$K$2:$K$554,0)),IF($F30=3,INDEX('All Recipes'!$B$2:$B$554,MATCH(LARGE('All Recipes'!$L$2:$L$554,$G30),'All Recipes'!$L$2:$L$554,0)),""))),"")} | E30: {=IFERROR(IF($F30=1,INDEX('All Recipes'!$F$2:$F$554,MATCH(LARGE('All Recipes'!$J$2:$J$554,$G30),'All Recipes'!$J$2:$J$554,0)),IF($F30=2,INDEX('All Recipes'!$F$2:$F$554,MATCH(LARGE('All Recipes'!$K$2:$K$554,$G30),'All Recipes'!$K$2:$K$554,0)),IF($F30=3,INDEX('All Recipes'!$F$2:$F$554,MATCH(LARGE('All Recipes'!$L$2:$L$554,$G30),'All Recipes'!$L$2:$L$554,0)),""))),"")} | F30: =IF(3<=$B$6,1,IF(3<=$B$6+$C$6,2,IF(3<=$B$6+$C$6+$D$6,3,0))) | G30: =IF(3<=$B$6,3,IF(3<=$B$6+$C$6,3-$B$6,IF(3<=$B$6+$C$6+$D$6,3-$B$6-$C$6,0)))
A31: =IF($F31=0,"",4) | B31: =IF($F31=0,"",IF($F31=1,"Asian",IF($F31=2,"Chinese","Western"))) | C31: {=IFERROR(IF($F31=1,INDEX('All Recipes'!$A$2:$A$554,MATCH(LARGE('All Recipes'!$J$2:$J$554,$G31),'All Recipes'!$J$2:$J$554,0)),IF($F31=2,INDEX('All Recipes'!$A$2:$A$554,MATCH(LARGE('All Recipes'!$K$2:$K$554,$G31),'All Recipes'!$K$2:$K$554,0)),IF($F31=3,INDEX('All Recipes'!$A$2:$A$554,MATCH(LARGE('All Recipes'!$L$2:$L$554,$G31),'All Recipes'!$L$2:$L$554,0)),""))),"")} | D31: {=IFERROR(IF($F31=1,INDEX('All Recipes'!$B$2:$B$554,MATCH(LARGE('All Recipes'!$J$2:$J$554,$G31),'All Recipes'!$J$2:$J$554,0)),IF($F31=2,INDEX('All Recipes'!$B$2:$B$554,MATCH(LARGE('All Recipes'!$K$2:$K$554,$G31),'All Recipes'!$K$2:$K$554,0)),IF($F31=3,INDEX('All Recipes'!$B$2:$B$554,MATCH(LARGE('All Recipes'!$L$2:$L$554,$G31),'All Recipes'!$L$2:$L$554,0)),""))),"")} | E31: {=IFERROR(IF($F31=1,INDEX('All Recipes'!$F$2:$F$554,MATCH(LARGE('All Recipes'!$J$2:$J$554,$G31),'All Recipes'!$J$2:$J$554,0)),IF($F31=2,INDEX('All Recipes'!$F$2:$F$554,MATCH(LARGE('All Recipes'!$K$2:$K$554,$G31),'All Recipes'!$K$2:$K$554,0)),IF($F31=3,INDEX('All Recipes'!$F$2:$F$554,MATCH(LARGE('All Recipes'!$L$2:$L$554,$G31),'All Recipes'!$L$2:$L$554,0)),""))),"")} | F31: =IF(4<=$B$6,1,IF(4<=$B$6+$C$6,2,IF(4<=$B$6+$C$6+$D$6,3,0))) | G31: =IF(4<=$B$6,4,IF(4<=$B$6+$C$6,4-$B$6,IF(4<=$B$6+$C$6+$D$6,4-$B$6-$C$6,0)))
A32: =IF($F32=0,"",5) | B32: =IF($F32=0,"",IF($F32=1,"Asian",IF($F32=2,"Chinese","Western"))) | C32: {=IFERROR(IF($F32=1,INDEX('All Recipes'!$A$2:$A$554,MATCH(LARGE('All Recipes'!$J$2:$J$554,$G32),'All Recipes'!$J$2:$J$554,0)),IF($F32=2,INDEX('All Recipes'!$A$2:$A$554,MATCH(LARGE('All Recipes'!$K$2:$K$554,$G32),'All Recipes'!$K$2:$K$554,0)),IF($F32=3,INDEX('All Recipes'!$A$2:$A$554,MATCH(LARGE('All Recipes'!$L$2:$L$554,$G32),'All Recipes'!$L$2:$L$554,0)),""))),"")} | D32: {=IFERROR(IF($F32=1,INDEX('All Recipes'!$B$2:$B$554,MATCH(LARGE('All Recipes'!$J$2:$J$554,$G32),'All Recipes'!$J$2:$J$554,0)),IF($F32=2,INDEX('All Recipes'!$B$2:$B$554,MATCH(LARGE('All Recipes'!$K$2:$K$554,$G32),'All Recipes'!$K$2:$K$554,0)),IF($F32=3,INDEX('All Recipes'!$B$2:$B$554,MATCH(LARGE('All Recipes'!$L$2:$L$554,$G32),'All Recipes'!$L$2:$L$554,0)),""))),"")} | E32: {=IFERROR(IF($F32=1,INDEX('All Recipes'!$F$2:$F$554,MATCH(LARGE('All Recipes'!$J$2:$J$554,$G32),'All Recipes'!$J$2:$J$554,0)),IF($F32=2,INDEX('All Recipes'!$F$2:$F$554,MATCH(LARGE('All Recipes'!$K$2:$K$554,$G32),'All Recipes'!$K$2:$K$554,0)),IF($F32=3,INDEX('All Recipes'!$F$2:$F$554,MATCH(LARGE('All Recipes'!$L$2:$L$554,$G32),'All Recipes'!$L$2:$L$554,0)),""))),"")} | F32: =IF(5<=$B$6,1,IF(5<=$B$6+$C$6,2,IF(5<=$B$6+$C$6+$D$6,3,0))) | G32: =IF(5<=$B$6,5,IF(5<=$B$6+$C$6,5-$B$6,IF(5<=$B$6+$C$6+$D$6,5-$B$6-$C$6,0)))
A33: =IF($F33=0,"",6) | B33: =IF($F33=0,"",IF($F33=1,"Asian",IF($F33=2,"Chinese","Western"))) | C33: {=IFERROR(IF($F33=1,INDEX('All Recipes'!$A$2:$A$554,MATCH(LARGE('All Recipes'!$J$2:$J$554,$G33),'All Recipes'!$J$2:$J$554,0)),IF($F33=2,INDEX('All Recipes'!$A$2:$A$554,MATCH(LARGE('All Recipes'!$K$2:$K$554,$G33),'All Recipes'!$K$2:$K$554,0)),IF($F33=3,INDEX('All Recipes'!$A$2:$A$554,MATCH(LARGE('All Recipes'!$L$2:$L$554,$G33),'All Recipes'!$L$2:$L$554,0)),""))),"")} | D33: {=IFERROR(IF($F33=1,INDEX('All Recipes'!$B$2:$B$554,MATCH(LARGE('All Recipes'!$J$2:$J$554,$G33),'All Recipes'!$J$2:$J$554,0)),IF($F33=2,INDEX('All Recipes'!$B$2:$B$554,MATCH(LARGE('All Recipes'!$K$2:$K$554,$G33),'All Recipes'!$K$2:$K$554,0)),IF($F33=3,INDEX('All Recipes'!$B$2:$B$554,MATCH(LARGE('All Recipes'!$L$2:$L$554,$G33),'All Recipes'!$L$2:$L$554,0)),""))),"")} | E33: {=IFERROR(IF($F33=1,INDEX('All Recipes'!$F$2:$F$554,MATCH(LARGE('All Recipes'!$J$2:$J$554,$G33),'All Recipes'!$J$2:$J$554,0)),IF($F33=2,INDEX('All Recipes'!$F$2:$F$554,MATCH(LARGE('All Recipes'!$K$2:$K$554,$G33),'All Recipes'!$K$2:$K$554,0)),IF($F33=3,INDEX('All Recipes'!$F$2:$F$554,MATCH(LARGE('All Recipes'!$L$2:$L$554,$G33),'All Recipes'!$L$2:$L$554,0)),""))),"")} | F33: =IF(6<=$B$6,1,IF(6<=$B$6+$C$6,2,IF(6<=$B$6+$C$6+$D$6,3,0))) | G33: =IF(6<=$B$6,6,IF(6<=$B$6+$C$6,6-$B$6,IF(6<=$B$6+$C$6+$D$6,6-$B$6-$C$6,0)))
A34: =IF($F34=0,"",7) | B34: =IF($F34=0,"",IF($F34=1,"Asian",IF($F34=2,"Chinese","Western"))) | C34: {=IFERROR(IF($F34=1,INDEX('All Recipes'!$A$2:$A$554,MATCH(LARGE('All Recipes'!$J$2:$J$554,$G34),'All Recipes'!$J$2:$J$554,0)),IF($F34=2,INDEX('All Recipes'!$A$2:$A$554,MATCH(LARGE('All Recipes'!$K$2:$K$554,$G34),'All Recipes'!$K$2:$K$554,0)),IF($F34=3,INDEX('All Recipes'!$A$2:$A$554,MATCH(LARGE('All Recipes'!$L$2:$L$554,$G34),'All Recipes'!$L$2:$L$554,0)),""))),"")} | D34: {=IFERROR(IF($F34=1,INDEX('All Recipes'!$B$2:$B$554,MATCH(LARGE('All Recipes'!$J$2:$J$554,$G34),'All Recipes'!$J$2:$J$554,0)),IF($F34=2,INDEX('All Recipes'!$B$2:$B$554,MATCH(LARGE('All Recipes'!$K$2:$K$554,$G34),'All Recipes'!$K$2:$K$554,0)),IF($F34=3,INDEX('All Recipes'!$B$2:$B$554,MATCH(LARGE('All Recipes'!$L$2:$L$554,$G34),'All Recipes'!$L$2:$L$554,0)),""))),"")} | E34: {=IFERROR(IF($F34=1,INDEX('All Recipes'!$F$2:$F$554,MATCH(LARGE('All Recipes'!$J$2:$J$554,$G34),'All Recipes'!$J$2:$J$554,0)),IF($F34=2,INDEX('All Recipes'!$F$2:$F$554,MATCH(LARGE('All Recipes'!$K$2:$K$554,$G34),'All Recipes'!$K$2:$K$554,0)),IF($F34=3,INDEX('All Recipes'!$F$2:$F$554,MATCH(LARGE('All Recipes'!$L$2:$L$554,$G34),'All Recipes'!$L$2:$L$554,0)),""))),"")} | F34: =IF(7<=$B$6,1,IF(7<=$B$6+$C$6,2,IF(7<=$B$6+$C$6+$D$6,3,0))) | G34: =IF(7<=$B$6,7,IF(7<=$B$6+$C$6,7-$B$6,IF(7<=$B$6+$C$6+$D$6,7-$B$6-$C$6,0)))
A35: =IF($F35=0,"",8) | B35: =IF($F35=0,"",IF($F35=1,"Asian",IF($F35=2,"Chinese","Western"))) | C35: {=IFERROR(IF($F35=1,INDEX('All Recipes'!$A$2:$A$554,MATCH(LARGE('All Recipes'!$J$2:$J$554,$G35),'All Recipes'!$J$2:$J$554,0)),IF($F35=2,INDEX('All Recipes'!$A$2:$A$554,MATCH(LARGE('All Recipes'!$K$2:$K$554,$G35),'All Recipes'!$K$2:$K$554,0)),IF($F35=3,INDEX('All Recipes'!$A$2:$A$554,MATCH(LARGE('All Recipes'!$L$2:$L$554,$G35),'All Recipes'!$L$2:$L$554,0)),""))),"")} | D35: {=IFERROR(IF($F35=1,INDEX('All Recipes'!$B$2:$B$554,MATCH(LARGE('All Recipes'!$J$2:$J$554,$G35),'All Recipes'!$J$2:$J$554,0)),IF($F35=2,INDEX('All Recipes'!$B$2:$B$554,MATCH(LARGE('All Recipes'!$K$2:$K$554,$G35),'All Recipes'!$K$2:$K$554,0)),IF($F35=3,INDEX('All Recipes'!$B$2:$B$554,MATCH(LARGE('All Recipes'!$L$2:$L$554,$G35),'All Recipes'!$L$2:$L$554,0)),""))),"")} | E35: {=IFERROR(IF($F35=1,INDEX('All Recipes'!$F$2:$F$554,MATCH(LARGE('All Recipes'!$J$2:$J$554,$G35),'All Recipes'!$J$2:$J$554,0)),IF($F35=2,INDEX('All Recipes'!$F$2:$F$554,MATCH(LARGE('All Recipes'!$K$2:$K$554,$G35),'All Recipes'!$K$2:$K$554,0)),IF($F35=3,INDEX('All Recipes'!$F$2:$F$554,MATCH(LARGE('All Recipes'!$L$2:$L$554,$G35),'All Recipes'!$L$2:$L$554,0)),""))),"")} | F35: =IF(8<=$B$6,1,IF(8<=$B$6+$C$6,2,IF(8<=$B$6+$C$6+$D$6,3,0))) | G35: =IF(8<=$B$6,8,IF(8<=$B$6+$C$6,8-$B$6,IF(8<=$B$6+$C$6+$D$6,8-$B$6-$C$6,0)))
A36: =IF($F36=0,"",9) | B36: =IF($F36=0,"",IF($F36=1,"Asian",IF($F36=2,"Chinese","Western"))) | C36: {=IFERROR(IF($F36=1,INDEX('All Recipes'!$A$2:$A$554,MATCH(LARGE('All Recipes'!$J$2:$J$554,$G36),'All Recipes'!$J$2:$J$554,0)),IF($F36=2,INDEX('All Recipes'!$A$2:$A$554,MATCH(LARGE('All Recipes'!$K$2:$K$554,$G36),'All Recipes'!$K$2:$K$554,0)),IF($F36=3,INDEX('All Recipes'!$A$2:$A$554,MATCH(LARGE('All Recipes'!$L$2:$L$554,$G36),'All Recipes'!$L$2:$L$554,0)),""))),"")} | D36: {=IFERROR(IF($F36=1,INDEX('All Recipes'!$B$2:$B$554,MATCH(LARGE('All Recipes'!$J$2:$J$554,$G36),'All Recipes'!$J$2:$J$554,0)),IF($F36=2,INDEX('All Recipes'!$B$2:$B$554,MATCH(LARGE('All Recipes'!$K$2:$K$554,$G36),'All Recipes'!$K$2:$K$554,0)),IF($F36=3,INDEX('All Recipes'!$B$2:$B$554,MATCH(LARGE('All Recipes'!$L$2:$L$554,$G36),'All Recipes'!$L$2:$L$554,0)),""))),"")} | E36: {=IFERROR(IF($F36=1,INDEX('All Recipes'!$F$2:$F$554,MATCH(LARGE('All Recipes'!$J$2:$J$554,$G36),'All Recipes'!$J$2:$J$554,0)),IF($F36=2,INDEX('All Recipes'!$F$2:$F$554,MATCH(LARGE('All Recipes'!$K$2:$K$554,$G36),'All Recipes'!$K$2:$K$554,0)),IF($F36=3,INDEX('All Recipes'!$F$2:$F$554,MATCH(LARGE('All Recipes'!$L$2:$L$554,$G36),'All Recipes'!$L$2:$L$554,0)),""))),"")} | F36: =IF(9<=$B$6,1,IF(9<=$B$6+$C$6,2,IF(9<=$B$6+$C$6+$D$6,3,0))) | G36: =IF(9<=$B$6,9,IF(9<=$B$6+$C$6,9-$B$6,IF(9<=$B$6+$C$6+$D$6,9-$B$6-$C$6,0)))
A37: =IF($F37=0,"",10) | B37: =IF($F37=0,"",IF($F37=1,"Asian",IF($F37=2,"Chinese","Western"))) | C37: {=IFERROR(IF($F37=1,INDEX('All Recipes'!$A$2:$A$554,MATCH(LARGE('All Recipes'!$J$2:$J$554,$G37),'All Recipes'!$J$2:$J$554,0)),IF($F37=2,INDEX('All Recipes'!$A$2:$A$554,MATCH(LARGE('All Recipes'!$K$2:$K$554,$G37),'All Recipes'!$K$2:$K$554,0)),IF($F37=3,INDEX('All Recipes'!$A$2:$A$554,MATCH(LARGE('All Recipes'!$L$2:$L$554,$G37),'All Recipes'!$L$2:$L$554,0)),""))),"")} | D37: {=IFERROR(IF($F37=1,INDEX('All Recipes'!$B$2:$B$554,MATCH(LARGE('All Recipes'!$J$2:$J$554,$G37),'All Recipes'!$J$2:$J$554,0)),IF($F37=2,INDEX('All Recipes'!$B$2:$B$554,MATCH(LARGE('All Recipes'!$K$2:$K$554,$G37),'All Recipes'!$K$2:$K$554,0)),IF($F37=3,INDEX('All Recipes'!$B$2:$B$554,MATCH(LARGE('All Recipes'!$L$2:$L$554,$G37),'All Recipes'!$L$2:$L$554,0)),""))),"")} | E37: {=IFERROR(IF($F37=1,INDEX('All Recipes'!$F$2:$F$554,MATCH(LARGE('All Recipes'!$J$2:$J$554,$G37),'All Recipes'!$J$2:$J$554,0)),IF($F37=2,INDEX('All Recipes'!$F$2:$F$554,MATCH(LARGE('All Recipes'!$K$2:$K$554,$G37),'All Recipes'!$K$2:$K$554,0)),IF($F37=3,INDEX('All Recipes'!$F$2:$F$554,MATCH(LARGE('All Recipes'!$L$2:$L$554,$G37),'All Recipes'!$L$2:$L$554,0)),""))),"")} | F37: =IF(10<=$B$6,1,IF(10<=$B$6+$C$6,2,IF(10<=$B$6+$C$6+$D$6,3,0))) | G37: =IF(10<=$B$6,10,IF(10<=$B$6+$C$6,10-$B$6,IF(10<=$B$6+$C$6+$D$6,10-$B$6-$C$6,0)))
A38: =IF($F38=0,"",11) | B38: =IF($F38=0,"",IF($F38=1,"Asian",IF($F38=2,"Chinese","Western"))) | C38: {=IFERROR(IF($F38=1,INDEX('All Recipes'!$A$2:$A$554,MATCH(LARGE('All Recipes'!$J$2:$J$554,$G38),'All Recipes'!$J$2:$J$554,0)),IF($F38=2,INDEX('All Recipes'!$A$2:$A$554,MATCH(LARGE('All Recipes'!$K$2:$K$554,$G38),'All Recipes'!$K$2:$K$554,0)),IF($F38=3,INDEX('All Recipes'!$A$2:$A$554,MATCH(LARGE('All Recipes'!$L$2:$L$554,$G38),'All Recipes'!$L$2:$L$554,0)),""))),"")} | D38: {=IFERROR(IF($F38=1,INDEX('All Recipes'!$B$2:$B$554,MATCH(LARGE('All Recipes'!$J$2:$J$554,$G38),'All Recipes'!$J$2:$J$554,0)),IF($F38=2,INDEX('All Recipes'!$B$2:$B$554,MATCH(LARGE('All Recipes'!$K$2:$K$554,$G38),'All Recipes'!$K$2:$K$554,0)),IF($F38=3,INDEX('All Recipes'!$B$2:$B$554,MATCH(LARGE('All Recipes'!$L$2:$L$554,$G38),'All Recipes'!$L$2:$L$554,0)),""))),"")} | E38: {=IFERROR(IF($F38=1,INDEX('All Recipes'!$F$2:$F$554,MATCH(LARGE('All Recipes'!$J$2:$J$554,$G38),'All Recipes'!$J$2:$J$554,0)),IF($F38=2,INDEX('All Recipes'!$F$2:$F$554,MATCH(LARGE('All Recipes'!$K$2:$K$554,$G38),'All Recipes'!$K$2:$K$554,0)),IF($F38=3,INDEX('All Recipes'!$F$2:$F$554,MATCH(LARGE('All Recipes'!$L$2:$L$554,$G38),'All Recipes'!$L$2:$L$554,0)),""))),"")} | F38: =IF(11<=$B$6,1,IF(11<=$B$6+$C$6,2,IF(11<=$B$6+$C$6+$D$6,3,0))) | G38: =IF(11<=$B$6,11,IF(11<=$B$6+$C$6,11-$B$6,IF(11<=$B$6+$C$6+$D$6,11-$B$6-$C$6,0)))
A39: =IF($F39=0,"",12) | B39: =IF($F39=0,"",IF($F39=1,"Asian",IF($F39=2,"Chinese","Western"))) | C39: {=IFERROR(IF($F39=1,INDEX('All Recipes'!$A$2:$A$554,MATCH(LARGE('All Recipes'!$J$2:$J$554,$G39),'All Recipes'!$J$2:$J$554,0)),IF($F39=2,INDEX('All Recipes'!$A$2:$A$554,MATCH(LARGE('All Recipes'!$K$2:$K$554,$G39),'All Recipes'!$K$2:$K$554,0)),IF($F39=3,INDEX('All Recipes'!$A$2:$A$554,MATCH(LARGE('All Recipes'!$L$2:$L$554,$G39),'All Recipes'!$L$2:$L$554,0)),""))),"")} | D39: {=IFERROR(IF($F39=1,INDEX('All Recipes'!$B$2:$B$554,MATCH(LARGE('All Recipes'!$J$2:$J$554,$G39),'All Recipes'!$J$2:$J$554,0)),IF($F39=2,INDEX('All Recipes'!$B$2:$B$554,MATCH(LARGE('All Recipes'!$K$2:$K$554,$G39),'All Recipes'!$K$2:$K$554,0)),IF($F39=3,INDEX('All Recipes'!$B$2:$B$554,MATCH(LARGE('All Recipes'!$L$2:$L$554,$G39),'All Recipes'!$L$2:$L$554,0)),""))),"")} | E39: {=IFERROR(IF($F39=1,INDEX('All Recipes'!$F$2:$F$554,MATCH(LARGE('All Recipes'!$J$2:$J$554,$G39),'All Recipes'!$J$2:$J$554,0)),IF($F39=2,INDEX('All Recipes'!$F$2:$F$554,MATCH(LARGE('All Recipes'!$K$2:$K$554,$G39),'All Recipes'!$K$2:$K$554,0)),IF($F39=3,INDEX('All Recipes'!$F$2:$F$554,MATCH(LARGE('All Recipes'!$L$2:$L$554,$G39),'All Recipes'!$L$2:$L$554,0)),""))),"")} | F39: =IF(12<=$B$6,1,IF(12<=$B$6+$C$6,2,IF(12<=$B$6+$C$6+$D$6,3,0))) | G39: =IF(12<=$B$6,12,IF(12<=$B$6+$C$6,12-$B$6,IF(12<=$B$6+$C$6+$D$6,12-$B$6-$C$6,0)))
A41: 🍲 DINNER
A42: # | B42: Cuisine | C42: Recipe | D42: Ingredients | E42: Recipe link
A43: =IF($F43=0,"",1) | B43: =IF($F43=0,"",IF($F43=1,"Asian",IF($F43=2,"Chinese","Western"))) | C43: {=IFERROR(IF($F43=1,INDEX('All Recipes'!$A$2:$A$554,MATCH(LARGE('All Recipes'!$M$2:$M$554,$G43),'All Recipes'!$M$2:$M$554,0)),IF($F43=2,INDEX('All Recipes'!$A$2:$A$554,MATCH(LARGE('All Recipes'!$N$2:$N$554,$G43),'All Recipes'!$N$2:$N$554,0)),IF($F43=3,INDEX('All Recipes'!$A$2:$A$554,MATCH(LARGE('All Recipes'!$O$2:$O$554,$G43),'All Recipes'!$O$2:$O$554,0)),""))),"")} | D43: {=IFERROR(IF($F43=1,INDEX('All Recipes'!$B$2:$B$554,MATCH(LARGE('All Recipes'!$M$2:$M$554,$G43),'All Recipes'!$M$2:$M$554,0)),IF($F43=2,INDEX('All Recipes'!$B$2:$B$554,MATCH(LARGE('All Recipes'!$N$2:$N$554,$G43),'All Recipes'!$N$2:$N$554,0)),IF($F43=3,INDEX('All Recipes'!$B$2:$B$554,MATCH(LARGE('All Recipes'!$O$2:$O$554,$G43),'All Recipes'!$O$2:$O$554,0)),""))),"")} | E43: {=IFERROR(IF($F43=1,INDEX('All Recipes'!$F$2:$F$554,MATCH(LARGE('All Recipes'!$M$2:$M$554,$G43),'All Recipes'!$M$2:$M$554,0)),IF($F43=2,INDEX('All Recipes'!$F$2:$F$554,MATCH(LARGE('All Recipes'!$N$2:$N$554,$G43),'All Recipes'!$N$2:$N$554,0)),IF($F43=3,INDEX('All Recipes'!$F$2:$F$554,MATCH(LARGE('All Recipes'!$O$2:$O$554,$G43),'All Recipes'!$O$2:$O$554,0)),""))),"")} | F43: =IF(1<=$B$7,1,IF(1<=$B$7+$C$7,2,IF(1<=$B$7+$C$7+$D$7,3,0))) | G43: =IF(1<=$B$7,1,IF(1<=$B$7+$C$7,1-$B$7,IF(1<=$B$7+$C$7+$D$7,1-$B$7-$C$7,0)))
A44: =IF($F44=0,"",2) | B44: =IF($F44=0,"",IF($F44=1,"Asian",IF($F44=2,"Chinese","Western"))) | C44: {=IFERROR(IF($F44=1,INDEX('All Recipes'!$A$2:$A$554,MATCH(LARGE('All Recipes'!$M$2:$M$554,$G44),'All Recipes'!$M$2:$M$554,0)),IF($F44=2,INDEX('All Recipes'!$A$2:$A$554,MATCH(LARGE('All Recipes'!$N$2:$N$554,$G44),'All Recipes'!$N$2:$N$554,0)),IF($F44=3,INDEX('All Recipes'!$A$2:$A$554,MATCH(LARGE('All Recipes'!$O$2:$O$554,$G44),'All Recipes'!$O$2:$O$554,0)),""))),"")} | D44: {=IFERROR(IF($F44=1,INDEX('All Recipes'!$B$2:$B$554,MATCH(LARGE('All Recipes'!$M$2:$M$554,$G44),'All Recipes'!$M$2:$M$554,0)),IF($F44=2,INDEX('All Recipes'!$B$2:$B$554,MATCH(LARGE('All Recipes'!$N$2:$N$554,$G44),'All Recipes'!$N$2:$N$554,0)),IF($F44=3,INDEX('All Recipes'!$B$2:$B$554,MATCH(LARGE('All Recipes'!$O$2:$O$554,$G44),'All Recipes'!$O$2:$O$554,0)),""))),"")} | E44: {=IFERROR(IF($F44=1,INDEX('All Recipes'!$F$2:$F$554,MATCH(LARGE('All Recipes'!$M$2:$M$554,$G44),'All Recipes'!$M$2:$M$554,0)),IF($F44=2,INDEX('All Recipes'!$F$2:$F$554,MATCH(LARGE('All Recipes'!$N$2:$N$554,$G44),'All Recipes'!$N$2:$N$554,0)),IF($F44=3,INDEX('All Recipes'!$F$2:$F$554,MATCH(LARGE('All Recipes'!$O$2:$O$554,$G44),'All Recipes'!$O$2:$O$554,0)),""))),"")} | F44: =IF(2<=$B$7,1,IF(2<=$B$7+$C$7,2,IF(2<=$B$7+$C$7+$D$7,3,0))) | G44: =IF(2<=$B$7,2,IF(2<=$B$7+$C$7,2-$B$7,IF(2<=$B$7+$C$7+$D$7,2-$B$7-$C$7,0)))
A45: =IF($F45=0,"",3) | B45: =IF($F45=0,"",IF($F45=1,"Asian",IF($F45=2,"Chinese","Western"))) | C45: {=IFERROR(IF($F45=1,INDEX('All Recipes'!$A$2:$A$554,MATCH(LARGE('All Recipes'!$M$2:$M$554,$G45),'All Recipes'!$M$2:$M$554,0)),IF($F45=2,INDEX('All Recipes'!$A$2:$A$554,MATCH(LARGE('All Recipes'!$N$2:$N$554,$G45),'All Recipes'!$N$2:$N$554,0)),IF($F45=3,INDEX('All Recipes'!$A$2:$A$554,MATCH(LARGE('All Recipes'!$O$2:$O$554,$G45),'All Recipes'!$O$2:$O$554,0)),""))),"")} | D45: {=IFERROR(IF($F45=1,INDEX('All Recipes'!$B$2:$B$554,MATCH(LARGE('All Recipes'!$M$2:$M$554,$G45),'All Recipes'!$M$2:$M$554,0)),IF($F45=2,INDEX('All Recipes'!$B$2:$B$554,MATCH(LARGE('All Recipes'!$N$2:$N$554,$G45),'All Recipes'!$N$2:$N$554,0)),IF($F45=3,INDEX('All Recipes'!$B$2:$B$554,MATCH(LARGE('All Recipes'!$O$2:$O$554,$G45),'All Recipes'!$O$2:$O$554,0)),""))),"")} | E45: {=IFERROR(IF($F45=1,INDEX('All Recipes'!$F$2:$F$554,MATCH(LARGE('All Recipes'!$M$2:$M$554,$G45),'All Recipes'!$M$2:$M$554,0)),IF($F45=2,INDEX('All Recipes'!$F$2:$F$554,MATCH(LARGE('All Recipes'!$N$2:$N$554,$G45),'All Recipes'!$N$2:$N$554,0)),IF($F45=3,INDEX('All Recipes'!$F$2:$F$554,MATCH(LARGE('All Recipes'!$O$2:$O$554,$G45),'All Recipes'!$O$2:$O$554,0)),""))),"")} | F45: =IF(3<=$B$7,1,IF(3<=$B$7+$C$7,2,IF(3<=$B$7+$C$7+$D$7,3,0))) | G45: =IF(3<=$B$7,3,IF(3<=$B$7+$C$7,3-$B$7,IF(3<=$B$7+$C$7+$D$7,3-$B$7-$C$7,0)))
A46: =IF($F46=0,"",4) | B46: =IF($F46=0,"",IF($F46=1,"Asian",IF($F46=2,"Chinese","Western"))) | C46: {=IFERROR(IF($F46=1,INDEX('All Recipes'!$A$2:$A$554,MATCH(LARGE('All Recipes'!$M$2:$M$554,$G46),'All Recipes'!$M$2:$M$554,0)),IF($F46=2,INDEX('All Recipes'!$A$2:$A$554,MATCH(LARGE('All Recipes'!$N$2:$N$554,$G46),'All Recipes'!$N$2:$N$554,0)),IF($F46=3,INDEX('All Recipes'!$A$2:$A$554,MATCH(LARGE('All Recipes'!$O$2:$O$554,$G46),'All Recipes'!$O$2:$O$554,0)),""))),"")} | D46: {=IFERROR(IF($F46=1,INDEX('All Recipes'!$B$2:$B$554,MATCH(LARGE('All Recipes'!$M$2:$M$554,$G46),'All Recipes'!$M$2:$M$554,0)),IF($F46=2,INDEX('All Recipes'!$B$2:$B$554,MATCH(LARGE('All Recipes'!$N$2:$N$554,$G46),'All Recipes'!$N$2:$N$554,0)),IF($F46=3,INDEX('All Recipes'!$B$2:$B$554,MATCH(LARGE('All Recipes'!$O$2:$O$554,$G46),'All Recipes'!$O$2:$O$554,0)),""))),"")} | E46: {=IFERROR(IF($F46=1,INDEX('All Recipes'!$F$2:$F$554,MATCH(LARGE('All Recipes'!$M$2:$M$554,$G46),'All Recipes'!$M$2:$M$554,0)),IF($F46=2,INDEX('All Recipes'!$F$2:$F$554,MATCH(LARGE('All Recipes'!$N$2:$N$554,$G46),'All Recipes'!$N$2:$N$554,0)),IF($F46=3,INDEX('All Recipes'!$F$2:$F$554,MATCH(LARGE('All Recipes'!$O$2:$O$554,$G46),'All Recipes'!$O$2:$O$554,0)),""))),"")} | F46: =IF(4<=$B$7,1,IF(4<=$B$7+$C$7,2,IF(4<=$B$7+$C$7+$D$7,3,0))) | G46: =IF(4<=$B$7,4,IF(4<=$B$7+$C$7,4-$B$7,IF(4<=$B$7+$C$7+$D$7,4-$B$7-$C$7,0)))
A47: =IF($F47=0,"",5) | B47: =IF($F47=0,"",IF($F47=1,"Asian",IF($F47=2,"Chinese","Western"))) | C47: {=IFERROR(IF($F47=1,INDEX('All Recipes'!$A$2:$A$554,MATCH(LARGE('All Recipes'!$M$2:$M$554,$G47),'All Recipes'!$M$2:$M$554,0)),IF($F47=2,INDEX('All Recipes'!$A$2:$A$554,MATCH(LARGE('All Recipes'!$N$2:$N$554,$G47),'All Recipes'!$N$2:$N$554,0)),IF($F47=3,INDEX('All Recipes'!$A$2:$A$554,MATCH(LARGE('All Recipes'!$O$2:$O$554,$G47),'All Recipes'!$O$2:$O$554,0)),""))),"")} | D47: {=IFERROR(IF($F47=1,INDEX('All Recipes'!$B$2:$B$554,MATCH(LARGE('All Recipes'!$M$2:$M$554,$G47),'All Recipes'!$M$2:$M$554,0)),IF($F47=2,INDEX('All Recipes'!$B$2:$B$554,MATCH(LARGE('All Recipes'!$N$2:$N$554,$G47),'All Recipes'!$N$2:$N$554,0)),IF($F47=3,INDEX('All Recipes'!$B$2:$B$554,MATCH(LARGE('All Recipes'!$O$2:$O$554,$G47),'All Recipes'!$O$2:$O$554,0)),""))),"")} | E47: {=IFERROR(IF($F47=1,INDEX('All Recipes'!$F$2:$F$554,MATCH(LARGE('All Recipes'!$M$2:$M$554,$G47),'All Recipes'!$M$2:$M$554,0)),IF($F47=2,INDEX('All Recipes'!$F$2:$F$554,MATCH(LARGE('All Recipes'!$N$2:$N$554,$G47),'All Recipes'!$N$2:$N$554,0)),IF($F47=3,INDEX('All Recipes'!$F$2:$F$554,MATCH(LARGE('All Recipes'!$O$2:$O$554,$G47),'All Recipes'!$O$2:$O$554,0)),""))),"")} | F47: =IF(5<=$B$7,1,IF(5<=$B$7+$C$7,2,IF(5<=$B$7+$C$7+$D$7,3,0))) | G47: =IF(5<=$B$7,5,IF(5<=$B$7+$C$7,5-$B$7,IF(5<=$B$7+$C$7+$D$7,5-$B$7-$C$7,0)))
A48: =IF($F48=0,"",6) | B48: =IF($F48=0,"",IF($F48=1,"Asian",IF($F48=2,"Chinese","Western"))) | C48: {=IFERROR(IF($F48=1,INDEX('All Recipes'!$A$2:$A$554,MATCH(LARGE('All Recipes'!$M$2:$M$554,$G48),'All Recipes'!$M$2:$M$554,0)),IF($F48=2,INDEX('All Recipes'!$A$2:$A$554,MATCH(LARGE('All Recipes'!$N$2:$N$554,$G48),'All Recipes'!$N$2:$N$554,0)),IF($F48=3,INDEX('All Recipes'!$A$2:$A$554,MATCH(LARGE('All Recipes'!$O$2:$O$554,$G48),'All Recipes'!$O$2:$O$554,0)),""))),"")} | D48: {=IFERROR(IF($F48=1,INDEX('All Recipes'!$B$2:$B$554,MATCH(LARGE('All Recipes'!$M$2:$M$554,$G48),'All Recipes'!$M$2:$M$554,0)),IF($F48=2,INDEX('All Recipes'!$B$2:$B$554,MATCH(LARGE('All Recipes'!$N$2:$N$554,$G48),'All Recipes'!$N$2:$N$554,0)),IF($F48=3,INDEX('All Recipes'!$B$2:$B$554,MATCH(LARGE('All Recipes'!$O$2:$O$554,$G48),'All Recipes'!$O$2:$O$554,0)),""))),"")} | E48: {=IFERROR(IF($F48=1,INDEX('All Recipes'!$F$2:$F$554,MATCH(LARGE('All Recipes'!$M$2:$M$554,$G48),'All Recipes'!$M$2:$M$554,0)),IF($F48=2,INDEX('All Recipes'!$F$2:$F$554,MATCH(LARGE('All Recipes'!$N$2:$N$554,$G48),'All Recipes'!$N$2:$N$554,0)),IF($F48=3,INDEX('All Recipes'!$F$2:$F$554,MATCH(LARGE('All Recipes'!$O$2:$O$554,$G48),'All Recipes'!$O$2:$O$554,0)),""))),"")} | F48: =IF(6<=$B$7,1,IF(6<=$B$7+$C$7,2,IF(6<=$B$7+$C$7+$D$7,3,0))) | G48: =IF(6<=$B$7,6,IF(6<=$B$7+$C$7,6-$B$7,IF(6<=$B$7+$C$7+$D$7,6-$B$7-$C$7,0)))
A49: =IF($F49=0,"",7) | B49: =IF($F49=0,"",IF($F49=1,"Asian",IF($F49=2,"Chinese","Western"))) | C49: {=IFERROR(IF($F49=1,INDEX('All Recipes'!$A$2:$A$554,MATCH(LARGE('All Recipes'!$M$2:$M$554,$G49),'All Recipes'!$M$2:$M$554,0)),IF($F49=2,INDEX('All Recipes'!$A$2:$A$554,MATCH(LARGE('All Recipes'!$N$2:$N$554,$G49),'All Recipes'!$N$2:$N$554,0)),IF($F49=3,INDEX('All Recipes'!$A$2:$A$554,MATCH(LARGE('All Recipes'!$O$2:$O$554,$G49),'All Recipes'!$O$2:$O$554,0)),""))),"")} | D49: {=IFERROR(IF($F49=1,INDEX('All Recipes'!$B$2:$B$554,MATCH(LARGE('All Recipes'!$M$2:$M$554,$G49),'All Recipes'!$M$2:$M$554,0)),IF($F49=2,INDEX('All Recipes'!$B$2:$B$554,MATCH(LARGE('All Recipes'!$N$2:$N$554,$G49),'All Recipes'!$N$2:$N$554,0)),IF($F49=3,INDEX('All Recipes'!$B$2:$B$554,MATCH(LARGE('All Recipes'!$O$2:$O$554,$G49),'All Recipes'!$O$2:$O$554,0)),""))),"")} | E49: {=IFERROR(IF($F49=1,INDEX('All Recipes'!$F$2:$F$554,MATCH(LARGE('All Recipes'!$M$2:$M$554,$G49),'All Recipes'!$M$2:$M$554,0)),IF($F49=2,INDEX('All Recipes'!$F$2:$F$554,MATCH(LARGE('All Recipes'!$N$2:$N$554,$G49),'All Recipes'!$N$2:$N$554,0)),IF($F49=3,INDEX('All Recipes'!$F$2:$F$554,MATCH(LARGE('All Recipes'!$O$2:$O$554,$G49),'All Recipes'!$O$2:$O$554,0)),""))),"")} | F49: =IF(7<=$B$7,1,IF(7<=$B$7+$C$7,2,IF(7<=$B$7+$C$7+$D$7,3,0))) | G49: =IF(7<=$B$7,7,IF(7<=$B$7+$C$7,7-$B$7,IF(7<=$B$7+$C$7+$D$7,7-$B$7-$C$7,0)))
A50: =IF($F50=0,"",8) | B50: =IF($F50=0,"",IF($F50=1,"Asian",IF($F50=2,"Chinese","Western"))) | C50: {=IFERROR(IF($F50=1,INDEX('All Recipes'!$A$2:$A$554,MATCH(LARGE('All Recipes'!$M$2:$M$554,$G50),'All Recipes'!$M$2:$M$554,0)),IF($F50=2,INDEX('All Recipes'!$A$2:$A$554,MATCH(LARGE('All Recipes'!$N$2:$N$554,$G50),'All Recipes'!$N$2:$N$554,0)),IF($F50=3,INDEX('All Recipes'!$A$2:$A$554,MATCH(LARGE('All Recipes'!$O$2:$O$554,$G50),'All Recipes'!$O$2:$O$554,0)),""))),"")} | D50: {=IFERROR(IF($F50=1,INDEX('All Recipes'!$B$2:$B$554,MATCH(LARGE('All Recipes'!$M$2:$M$554,$G50),'All Recipes'!$M$2:$M$554,0)),IF($F50=2,INDEX('All Recipes'!$B$2:$B$554,MATCH(LARGE('All Recipes'!$N$2:$N$554,$G50),'All Recipes'!$N$2:$N$554,0)),IF($F50=3,INDEX('All Recipes'!$B$2:$B$554,MATCH(LARGE('All Recipes'!$O$2:$O$554,$G50),'All Recipes'!$O$2:$O$554,0)),""))),"")} | E50: {=IFERROR(IF($F50=1,INDEX('All Recipes'!$F$2:$F$554,MATCH(LARGE('All Recipes'!$M$2:$M$554,$G50),'All Recipes'!$M$2:$M$554,0)),IF($F50=2,INDEX('All Recipes'!$F$2:$F$554,MATCH(LARGE('All Recipes'!$N$2:$N$554,$G50),'All Recipes'!$N$2:$N$554,0)),IF($F50=3,INDEX('All Recipes'!$F$2:$F$554,MATCH(LARGE('All Recipes'!$O$2:$O$554,$G50),'All Recipes'!$O$2:$O$554,0)),""))),"")} | F50: =IF(8<=$B$7,1,IF(8<=$B$7+$C$7,2,IF(8<=$B$7+$C$7+$D$7,3,0))) | G50: =IF(8<=$B$7,8,IF(8<=$B$7+$C$7,8-$B$7,IF(8<=$B$7+$C$7+$D$7,8-$B$7-$C$7,0)))
A51: =IF($F51=0,"",9) | B51: =IF($F51=0,"",IF($F51=1,"Asian",IF($F51=2,"Chinese","Western"))) | C51: {=IFERROR(IF($F51=1,INDEX('All Recipes'!$A$2:$A$554,MATCH(LARGE('All Recipes'!$M$2:$M$554,$G51),'All Recipes'!$M$2:$M$554,0)),IF($F51=2,INDEX('All Recipes'!$A$2:$A$554,MATCH(LARGE('All Recipes'!$N$2:$N$554,$G51),'All Recipes'!$N$2:$N$554,0)),IF($F51=3,INDEX('All Recipes'!$A$2:$A$554,MATCH(LARGE('All Recipes'!$O$2:$O$554,$G51),'All Recipes'!$O$2:$O$554,0)),""))),"")} | D51: {=IFERROR(IF($F51=1,INDEX('All Recipes'!$B$2:$B$554,MATCH(LARGE('All Recipes'!$M$2:$M$554,$G51),'All Recipes'!$M$2:$M$554,0)),IF($F51=2,INDEX('All Recipes'!$B$2:$B$554,MATCH(LARGE('All Recipes'!$N$2:$N$554,$G51),'All Recipes'!$N$2:$N$554,0)),IF($F51=3,INDEX('All Recipes'!$B$2:$B$554,MATCH(LARGE('All Recipes'!$O$2:$O$554,$G51),'All Recipes'!$O$2:$O$554,0)),""))),"")} | E51: {=IFERROR(IF($F51=1,INDEX('All Recipes'!$F$2:$F$554,MATCH(LARGE('All Recipes'!$M$2:$M$554,$G51),'All Recipes'!$M$2:$M$554,0)),IF($F51=2,INDEX('All Recipes'!$F$2:$F$554,MATCH(LARGE('All Recipes'!$N$2:$N$554,$G51),'All Recipes'!$N$2:$N$554,0)),IF($F51=3,INDEX('All Recipes'!$F$2:$F$554,MATCH(LARGE('All Recipes'!$O$2:$O$554,$G51),'All Recipes'!$O$2:$O$554,0)),""))),"")} | F51: =IF(9<=$B$7,1,IF(9<=$B$7+$C$7,2,IF(9<=$B$7+$C$7+$D$7,3,0))) | G51: =IF(9<=$B$7,9,IF(9<=$B$7+$C$7,9-$B$7,IF(9<=$B$7+$C$7+$D$7,9-$B$7-$C$7,0)))
A52: =IF($F52=0,"",10) | B52: =IF($F52=0,"",IF($F52=1,"Asian",IF($F52=2,"Chinese","Western"))) | C52: {=IFERROR(IF($F52=1,INDEX('All Recipes'!$A$2:$A$554,MATCH(LARGE('All Recipes'!$M$2:$M$554,$G52),'All Recipes'!$M$2:$M$554,0)),IF($F52=2,INDEX('All Recipes'!$A$2:$A$554,MATCH(LARGE('All Recipes'!$N$2:$N$554,$G52),'All Recipes'!$N$2:$N$554,0)),IF($F52=3,INDEX('All Recipes'!$A$2:$A$554,MATCH(LARGE('All Recipes'!$O$2:$O$554,$G52),'All Recipes'!$O$2:$O$554,0)),""))),"")} | D52: {=IFERROR(IF($F52=1,INDEX('All Recipes'!$B$2:$B$554,MATCH(LARGE('All Recipes'!$M$2:$M$554,$G52),'All Recipes'!$M$2:$M$554,0)),IF($F52=2,INDEX('All Recipes'!$B$2:$B$554,MATCH(LARGE('All Recipes'!$N$2:$N$554,$G52),'All Recipes'!$N$2:$N$554,0)),IF($F52=3,INDEX('All Recipes'!$B$2:$B$554,MATCH(LARGE('All Recipes'!$O$2:$O$554,$G52),'All Recipes'!$O$2:$O$554,0)),""))),"")} | E52: {=IFERROR(IF($F52=1,INDEX('All Recipes'!$F$2:$F$554,MATCH(LARGE('All Recipes'!$M$2:$M$554,$G52),'All Recipes'!$M$2:$M$554,0)),IF($F52=2,INDEX('All Recipes'!$F$2:$F$554,MATCH(LARGE('All Recipes'!$N$2:$N$554,$G52),'All Recipes'!$N$2:$N$554,0)),IF($F52=3,INDEX('All Recipes'!$F$2:$F$554,MATCH(LARGE('All Recipes'!$O$2:$O$554,$G52),'All Recipes'!$O$2:$O$554,0)),""))),"")} | F52: =IF(10<=$B$7,1,IF(10<=$B$7+$C$7,2,IF(10<=$B$7+$C$7+$D$7,3,0))) | G52: =IF(10<=$B$7,10,IF(10<=$B$7+$C$7,10-$B$7,IF(10<=$B$7+$C$7+$D$7,10-$B$7-$C$7,0)))
A53: =IF($F53=0,"",11) | B53: =IF($F53=0,"",IF($F53=1,"Asian",IF($F53=2,"Chinese","Western"))) | C53: {=IFERROR(IF($F53=1,INDEX('All Recipes'!$A$2:$A$554,MATCH(LARGE('All Recipes'!$M$2:$M$554,$G53),'All Recipes'!$M$2:$M$554,0)),IF($F53=2,INDEX('All Recipes'!$A$2:$A$554,MATCH(LARGE('All Recipes'!$N$2:$N$554,$G53),'All Recipes'!$N$2:$N$554,0)),IF($F53=3,INDEX('All Recipes'!$A$2:$A$554,MATCH(LARGE('All Recipes'!$O$2:$O$554,$G53),'All Recipes'!$O$2:$O$554,0)),""))),"")} | D53: {=IFERROR(IF($F53=1,INDEX('All Recipes'!$B$2:$B$554,MATCH(LARGE('All Recipes'!$M$2:$M$554,$G53),'All Recipes'!$M$2:$M$554,0)),IF($F53=2,INDEX('All Recipes'!$B$2:$B$554,MATCH(LARGE('All Recipes'!$N$2:$N$554,$G53),'All Recipes'!$N$2:$N$554,0)),IF($F53=3,INDEX('All Recipes'!$B$2:$B$554,MATCH(LARGE('All Recipes'!$O$2:$O$554,$G53),'All Recipes'!$O$2:$O$554,0)),""))),"")} | E53: {=IFERROR(IF($F53=1,INDEX('All Recipes'!$F$2:$F$554,MATCH(LARGE('All Recipes'!$M$2:$M$554,$G53),'All Recipes'!$M$2:$M$554,0)),IF($F53=2,INDEX('All Recipes'!$F$2:$F$554,MATCH(LARGE('All Recipes'!$N$2:$N$554,$G53),'All Recipes'!$N$2:$N$554,0)),IF($F53=3,INDEX('All Recipes'!$F$2:$F$554,MATCH(LARGE('All Recipes'!$O$2:$O$554,$G53),'All Recipes'!$O$2:$O$554,0)),""))),"")} | F53: =IF(11<=$B$7,1,IF(11<=$B$7+$C$7,2,IF(11<=$B$7+$C$7+$D$7,3,0))) | G53: =IF(11<=$B$7,11,IF(11<=$B$7+$C$7,11-$B$7,IF(11<=$B$7+$C$7+$D$7,11-$B$7-$C$7,0)))
A54: =IF($F54=0,"",12) | B54: =IF($F54=0,"",IF($F54=1,"Asian",IF($F54=2,"Chinese","Western"))) | C54: {=IFERROR(IF($F54=1,INDEX('All Recipes'!$A$2:$A$554,MATCH(LARGE('All Recipes'!$M$2:$M$554,$G54),'All Recipes'!$M$2:$M$554,0)),IF($F54=2,INDEX('All Recipes'!$A$2:$A$554,MATCH(LARGE('All Recipes'!$N$2:$N$554,$G54),'All Recipes'!$N$2:$N$554,0)),IF($F54=3,INDEX('All Recipes'!$A$2:$A$554,MATCH(LARGE('All Recipes'!$O$2:$O$554,$G54),'All Recipes'!$O$2:$O$554,0)),""))),"")} | D54: {=IFERROR(IF($F54=1,INDEX('All Recipes'!$B$2:$B$554,MATCH(LARGE('All Recipes'!$M$2:$M$554,$G54),'All Recipes'!$M$2:$M$554,0)),IF($F54=2,INDEX('All Recipes'!$B$2:$B$554,MATCH(LARGE('All Recipes'!$N$2:$N$554,$G54),'All Recipes'!$N$2:$N$554,0)),IF($F54=3,INDEX('All Recipes'!$B$2:$B$554,MATCH(LARGE('All Recipes'!$O$2:$O$554,$G54),'All Recipes'!$O$2:$O$554,0)),""))),"")} | E54: {=IFERROR(IF($F54=1,INDEX('All Recipes'!$F$2:$F$554,MATCH(LARGE('All Recipes'!$M$2:$M$554,$G54),'All Recipes'!$M$2:$M$554,0)),IF($F54=2,INDEX('All Recipes'!$F$2:$F$554,MATCH(LARGE('All Recipes'!$N$2:$N$554,$G54),'All Recipes'!$N$2:$N$554,0)),IF($F54=3,INDEX('All Recipes'!$F$2:$F$554,MATCH(LARGE('All Recipes'!$O$2:$O$554,$G54),'All Recipes'!$O$2:$O$554,0)),""))),"")} | F54: =IF(12<=$B$7,1,IF(12<=$B$7+$C$7,2,IF(12<=$B$7+$C$7+$D$7,3,0))) | G54: =IF(12<=$B$7,12,IF(12<=$B$7+$C$7,12-$B$7,IF(12<=$B$7+$C$7+$D$7,12-$B$7-$C$7,0)))

Sheet All Recipes
A1: Recipe | B1: Ingredients | C1: Meal Type | D1: Cuisine | E1: Confidence | F1: Link | G1: bA | H1: bC | I1: bW | J1: lA | K1: lC | L1: lW | M1: dA | N1: dC | O1: dW | P1: Soup
A2: 4 bean stir fry | B2: Pinto Beans, Sweet Corn Can, Green bell pepper, Onion, Paprika | C2: Dinner | D2: Chinese | E2: Med | F2: https://www.kitchenstories.com/en/recipes/4-ingredient-bean-stir-fry-c72f | G2: =IF(AND(ISNUMBER(SEARCH("Breakfast",$C2)),$D2="Asian"),RAND(),"") | H2: =IF(AND(ISNUMBER(SEARCH("Breakfast",$C2)),$D2="Chinese"),RAND(),"") | I2: =IF(AND(ISNUMBER(SEARCH("Breakfast",$C2)),$D2="Western"),RAND(),"") | J2: =IF(AND(ISNUMBER(SEARCH("Lunch",$C2)),$D2="Asian"),RAND(),"") | K2: =IF(AND(ISNUMBER(SEARCH("Lunch",$C2)),$D2="Chinese"),RAND(),"") | L2: =IF(AND(ISNUMBER(SEARCH("Lunch",$C2)),$D2="Western"),RAND(),"") | M2: =IF(AND(ISNUMBER(SEARCH("Dinner",$C2)),$D2="Asian"),RAND(),"") | N2: =IF(AND(ISNUMBER(SEARCH("Dinner",$C2)),$D2="Chinese"),RAND(),"") | O2: =IF(AND(ISNUMBER(SEARCH("Dinner",$C2)),$D2="Western"),RAND(),"")
A3: A1 BKT | B3: Soup Pack, 西施骨, 猪筒骨, Garlic, Soy Sauce | C3: Dinner | D3: Chinese | E3: High | G3: =IF(AND(ISNUMBER(SEARCH("Breakfast",$C3)),$D3="Asian"),RAND(),"") | H3: =IF(AND(ISNUMBER(SEARCH("Breakfast",$C3)),$D3="Chinese"),RAND(),"") | I3: =IF(AND(ISNUMBER(SEARCH("Breakfast",$C3)),$D3="Western"),RAND(),"") | J3: =IF(AND(ISNUMBER(SEARCH("Lunch",$C3)),$D3="Asian"),RAND(),"") | K3: =IF(AND(ISNUMBER(SEARCH("Lunch",$C3)),$D3="Chinese"),RAND(),"") | L3: =IF(AND(ISNUMBER(SEARCH("Lunch",$C3)),$D3="Western"),RAND(),"") | M3: =IF(AND(ISNUMBER(SEARCH("Dinner",$C3)),$D3="Asian"),RAND(),"") | N3: =IF(AND(ISNUMBER(SEARCH("Dinner",$C3)),$D3="Chinese"),RAND(),"") | O3: =IF(AND(ISNUMBER(SEARCH("Dinner",$C3)),$D3="Western"),RAND(),"")
A4: A1 chicken Soup | B4: Chicken Thigh, Chicken Soup Pack, Garlic, Soy Sauce, Oyster Sauce | C4: Dinner | D4: Chinese | E4: Med | G4: =IF(AND(ISNUMBER(SEARCH("Breakfast",$C4)),$D4="Asian"),RAND(),"") | H4: =IF(AND(ISNUMBER(SEARCH("Breakfast",$C4)),$D4="Chinese"),RAND(),"") | I4: =IF(AND(ISNUMBER(SEARCH("Breakfast",$C4)),$D4="Western"),RAND(),"") | J4: =IF(AND(ISNUMBER(SEARCH("Lunch",$C4)),$D4="Asian"),RAND(),"") | K4: =IF(AND(ISNUMBER(SEARCH("Lunch",$C4)),$D4="Chinese"),RAND(),"") | L4: =IF(AND(ISNUMBER(SEARCH("Lunch",$C4)),$D4="Western"),RAND(),"") | M4: =IF(AND(ISNUMBER(SEARCH("Dinner",$C4)),$D4="Asian"),RAND(),"") | N4: =IF(AND(ISNUMBER(SEARCH("Dinner",$C4)),$D4="Chinese"),RAND(),"") | O4: =IF(AND(ISNUMBER(SEARCH("Dinner",$C4)),$D4="Western"),RAND(),"") | P4: TRUE
A5: Abalone Shredded Chicken | B5: canned abalone, Chicken Thigh, Rice, Fried Shallots, Soy Sauce, Spring Onion, Coriander | C5: Dinner | D5: Chinese | E5: Med | F5: https://www.instagram.com/reel/DFpctMSp2HZ/?igsh=MWo5dDZiY3E4ZXRiZg== | G5: =IF(AND(ISNUMBER(SEARCH("Breakfast",$C5)),$D5="Asian"),RAND(),"") | H5: =IF(AND(ISNUMBER(SEARCH("Breakfast",$C5)),$D5="Chinese"),RAND(),"") | I5: =IF(AND(ISNUMBER(SEARCH("Breakfast",$C5)),$D5="Western"),RAND(),"") | J5: =IF(AND(ISNUMBER(SEARCH("Lunch",$C5)),$D5="Asian"),RAND(),"") | K5: =IF(AND(ISNUMBER(SEARCH("Lunch",$C5)),$D5="Chinese"),RAND(),"") | L5: =IF(AND(ISNUMBER(SEARCH("Lunch",$C5)),$D5="Western"),RAND(),"") | M5: =IF(AND(ISNUMBER(SEARCH("Dinner",$C5)),$D5="Asian"),RAND(),"") | N5: =IF(AND(ISNUMBER(SEARCH("Dinner",$C5)),$D5="Chinese"),RAND(),"") | O5: =IF(AND(ISNUMBER(SEARCH("Dinner",$C5)),$D5="Western"),RAND(),"")
A6: ABC soup | B6: — | C6: Dinner | D6: Chinese | E6: Low | G6: =IF(AND(ISNUMBER(SEARCH("Breakfast",$C6)),$D6="Asian"),RAND(),"") | H6: =IF(AND(ISNUMBER(SEARCH("Breakfast",$C6)),$D6="Chinese"),RAND(),"") | I6: =IF(AND(ISNUMBER(SEARCH("Breakfast",$C6)),$D6="Western"),RAND(),"") | J6: =IF(AND(ISNUMBER(SEARCH("Lunch",$C6)),$D6="Asian"),RAND(),"") | K6: =IF(AND(ISNUMBER(SEARCH("Lunch",$C6)),$D6="Chinese"),RAND(),"") | L6: =IF(AND(ISNUMBER(SEARCH("Lunch",$C6)),$D6="Western"),RAND(),"") | M6: =IF(AND(ISNUMBER(SEARCH("Dinner",$C6)),$D6="Asian"),RAND(),"") | N6: =IF(AND(ISNUMBER(SEARCH("Dinner",$C6)),$D6="Chinese"),RAND(),"") | O6: =IF(AND(ISNUMBER(SEARCH("Dinner",$C6)),$D6="Western"),RAND(),"") | P6: TRUE
A7: Agedashi Tofu | B7: Tofu, Green Onion, Ginger, Mirin, Dashi Powder, Potato Starch | C7: Dinner | D7: Asian | E7: High | F7: https://youtu.be/70AR0pCcaT4 | G7: =IF(AND(ISNUMBER(SEARCH("Breakfast",$C7)),$D7="Asian"),RAND(),"") | H7: =IF(AND(ISNUMBER(SEARCH("Breakfast",$C7)),$D7="Chinese"),RAND(),"") | I7: =IF(AND(ISNUMBER(SEARCH("Breakfast",$C7)),$D7="Western"),RAND(),"") | J7: =IF(AND(ISNUMBER(SEARCH("Lunch",$C7)),$D7="Asian"),RAND(),"") | K7: =IF(AND(ISNUMBER(SEARCH("Lunch",$C7)),$D7="Chinese"),RAND(),"") | L7: =IF(AND(ISNUMBER(SEARCH("Lunch",$C7)),$D7="Western"),RAND(),"") | M7: =IF(AND(ISNUMBER(SEARCH("Dinner",$C7)),$D7="Asian"),RAND(),"") | N7: =IF(AND(ISNUMBER(SEARCH("Dinner",$C7)),$D7="Chinese"),RAND(),"") | O7: =IF(AND(ISNUMBER(SEARCH("Dinner",$C7)),$D7="Western"),RAND(),"")
A8: Agile Olio | B8: Spaghetti, Garlic, Parmasean Cheese | C8: Dinner | D8: Western | E8: Med | F8: https://www.instagram.com/reel/DAnDsuftWKb/?igsh=MjFmNnhpeDducWdv | G8: =IF(AND(ISNUMBER(SEARCH("Breakfast",$C8)),$D8="Asian"),RAND(),"") | H8: =IF(AND(ISNUMBER(SEARCH("Breakfast",$C8)),$D8="Chinese"),RAND(),"") | I8: =IF(AND(ISNUMBER(SEARCH("Breakfast",$C8)),$D8="Western"),RAND(),"") | J8: =IF(AND(ISNUMBER(SEARCH("Lunch",$C8)),$D8="Asian"),RAND(),"") | K8: =IF(AND(ISNUMBER(SEARCH("Lunch",$C8)),$D8="Chinese"),RAND(),"") | L8: =IF(AND(ISNUMBER(SEARCH("Lunch",$C8)),$D8="Western"),RAND(),"") | M8: =IF(AND(ISNUMBER(SEARCH("Dinner",$C8)),$D8="Asian"),RAND(),"") | N8: =IF(AND(ISNUMBER(SEARCH("Dinner",$C8)),$D8="Chinese"),RAND(),"") | O8: =IF(AND(ISNUMBER(SEARCH("Dinner",$C8)),$D8="Western"),RAND(),"")
A9: Agilo Olio | B9: Spaghetti, Garlic, Parsley, Cheese, Shrimp | C9: Dinner | D9: Western | E9: Med | F9: https://www.instagram.com/reel/DAn-B95S1Uo/?igsh=MW03cGN0dDRud3Vzdw== | G9: =IF(AND(ISNUMBER(SEARCH("Breakfast",$C9)),$D9="Asian"),RAND(),"") | H9: =IF(AND(ISNUMBER(SEARCH("Breakfast",$C9)),$D9="Chinese"),RAND(),"") | I9: =IF(AND(ISNUMBER(SEARCH("Breakfast",$C9)),$D9="Western"),RAND(),"") | J9: =IF(AND(ISNUMBER(SEARCH("Lunch",$C9)),$D9="Asian"),RAND(),"") | K9: =IF(AND(ISNUMBER(SEARCH("Lunch",$C9)),$D9="Chinese"),RAND(),"") | L9: =IF(AND(ISNUMBER(SEARCH("Lunch",$C9)),$D9="Western"),RAND(),"") | M9: =IF(AND(ISNUMBER(SEARCH("Dinner",$C9)),$D9="Asian"),RAND(),"") | N9: =IF(AND(ISNUMBER(SEARCH("Dinner",$C9)),$D9="Chinese"),RAND(),"") | O9: =IF(AND(ISNUMBER(SEARCH("Dinner",$C9)),$D9="Western"),RAND(),"")
A10: Almond Milk Miso Soup | B10: Almond Milk, Miso, Small Yam, Enoki Mushroom, 杏鲍菇 | C10: Dinner | D10: Asian | E10: Med | F10: https://www.instagram.com/reel/C8vemJzP1Fc/?igsh=YWRobDFnZWIxam4w | G10: =IF(AND(ISNUMBER(SEARCH("Breakfast",$C10)),$D10="Asian"),RAND(),"") | H10: =IF(AND(ISNUMBER(SEARCH("Breakfast",$C10)),$D10="Chinese"),RAND(),"") | I10: =IF(AND(ISNUMBER(SEARCH("Breakfast",$C10)),$D10="Western"),RAND(),"") | J10: =IF(AND(ISNUMBER(SEARCH("Lunch",$C10)),$D10="Asian"),RAND(),"") | K10: =IF(AND(ISNUMBER(SEARCH("Lunch",$C10)),$D10="Chinese"),RAND(),"") | L10: =IF(AND(ISNUMBER(SEARCH("Lunch",$C10)),$D10="Western"),RAND(),"") | M10: =IF(AND(ISNUMBER(SEARCH("Dinner",$C10)),$D10="Asian"),RAND(),"") | N10: =IF(AND(ISNUMBER(SEARCH("Dinner",$C10)),$D10="Chinese"),RAND(),"") | O10: =IF(AND(ISNUMBER(SEARCH("Dinner",$C10)),$D10="Western"),RAND(),"") | P10: TRUE
A11: Asparangus | B11: Virgin Oliveoil, salt, black pepper, Vege | C11: Dinner | D11: Western | E11: Low | F11: https://youtu.be/VVKtYsxkrL4 | G11: =IF(AND(ISNUMBER(SEARCH("Breakfast",$C11)),$D11="Asian"),RAND(),"") | H11: =IF(AND(ISNUMBER(SEARCH("Breakfast",$C11)),$D11="Chinese"),RAND(),"") | I11: =IF(AND(ISNUMBER(SEARCH("Breakfast",$C11)),$D11="Western"),RAND(),"") | J11: =IF(AND(ISNUMBER(SEARCH("Lunch",$C11)),$D11="Asian"),RAND(),"") | K11: =IF(AND(ISNUMBER(SEARCH("Lunch",$C11)),$D11="Chinese"),RAND(),"") | L11: =IF(AND(ISNUMBER(SEARCH("Lunch",$C11)),$D11="Western"),RAND(),"") | M11: =IF(AND(ISNUMBER(SEARCH("Dinner",$C11)),$D11="Asian"),RAND(),"") | N11: =IF(AND(ISNUMBER(SEARCH("Dinner",$C11)),$D11="Chinese"),RAND(),"") | O11: =IF(AND(ISNUMBER(SEARCH("Dinner",$C11)),$D11="Western"),RAND(),"")
A12: Avocado Prawn salad | B12: — | C12: Lunch | D12: Western | E12: Med | G12: =IF(AND(ISNUMBER(SEARCH("Breakfast",$C12)),$D12="Asian"),RAND(),"") | H12: =IF(AND(ISNUMBER(SEARCH("Breakfast",$C12)),$D12="Chinese"),RAND(),"") | I12: =IF(AND(ISNUMBER(SEARCH("Breakfast",$C12)),$D12="Western"),RAND(),"") | J12: =IF(AND(ISNUMBER(SEARCH("Lunch",$C12)),$D12="Asian"),RAND(),"") | K12: =IF(AND(ISNUMBER(SEARCH("Lunch",$C12)),$D12="Chinese"),RAND(),"") | L12: =IF(AND(ISNUMBER(SEARCH("Lunch",$C12)),$D12="Western"),RAND(),"") | M12: =IF(AND(ISNUMBER(SEARCH("Dinner",$C12)),$D12="Asian"),RAND(),"") | N12: =IF(AND(ISNUMBER(SEARCH("Dinner",$C12)),$D12="Chinese"),RAND(),"") | O12: =IF(AND(ISNUMBER(SEARCH("Dinner",$C12)),$D12="Western"),RAND(),"")
A13: Avocado Tofu | B13: Avocado, Tofu, Wasabi, Soya Sauce, Sesame | C13: Dinner | D13: Chinese | E13: Med | F13: http://xhslink.com/OsHmJq | G13: =IF(AND(ISNUMBER(SEARCH("Breakfast",$C13)),$D13="Asian"),RAND(),"") | H13: =IF(AND(ISNUMBER(SEARCH("Breakfast",$C13)),$D13="Chinese"),RAND(),"") | I13: =IF(AND(ISNUMBER(SEARCH("Breakfast",$C13)),$D13="Western"),RAND(),"") | J13: =IF(AND(ISNUMBER(SEARCH("Lunch",$C13)),$D13="Asian"),RAND(),"") | K13: =IF(AND(ISNUMBER(SEARCH("Lunch",$C13)),$D13="Chinese"),RAND(),"") | L13: =IF(AND(ISNUMBER(SEARCH("Lunch",$C13)),$D13="Western"),RAND(),"") | M13: =IF(AND(ISNUMBER(SEARCH("Dinner",$C13)),$D13="Asian"),RAND(),"") | N13: =IF(AND(ISNUMBER(SEARCH("Dinner",$C13)),$D13="Chinese"),RAND(),"") | O13: =IF(AND(ISNUMBER(SEARCH("Dinner",$C13)),$D13="Western"),RAND(),"")
A14: Ayam Bakar | B14: — | C14: Dinner | D14: Asian | E14: Med | G14: =IF(AND(ISNUMBER(SEARCH("Breakfast",$C14)),$D14="Asian"),RAND(),"") | H14: =IF(AND(ISNUMBER(SEARCH("Breakfast",$C14)),$D14="Chinese"),RAND(),"") | I14: =IF(AND(ISNUMBER(SEARCH("Breakfast",$C14)),$D14="Western"),RAND(),"") | J14: =IF(AND(ISNUMBER(SEARCH("Lunch",$C14)),$D14="Asian"),RAND(),"") | K14: =IF(AND(ISNUMBER(SEARCH("Lunch",$C14)),$D14="Chinese"),RAND(),"") | L14: =IF(AND(ISNUMBER(SEARCH("Lunch",$C14)),$D14="Western"),RAND(),"") | M14: =IF(AND(ISNUMBER(SEARCH("Dinner",$C14)),$D14="Asian"),RAND(),"") | N14: =IF(AND(ISNUMBER(SEARCH("Dinner",$C14)),$D14="Chinese"),RAND(),"") | O14: =IF(AND(ISNUMBER(SEARCH("Dinner",$C14)),$D14="Western"),RAND(),"")
A15: Ayam Soto | B15: — | C15: Lunch | D15: Asian | E15: High | G15: =IF(AND(ISNUMBER(SEARCH("Breakfast",$C15)),$D15="Asian"),RAND(),"") | H15: =IF(AND(ISNUMBER(SEARCH("Breakfast",$C15)),$D15="Chinese"),RAND(),"") | I15: =IF(AND(ISNUMBER(SEARCH("Breakfast",$C15)),$D15="Western"),RAND(),"") | J15: =IF(AND(ISNUMBER(SEARCH("Lunch",$C15)),$D15="Asian"),RAND(),"") | K15: =IF(AND(ISNUMBER(SEARCH("Lunch",$C15)),$D15="Chinese"),RAND(),"") | L15: =IF(AND(ISNUMBER(SEARCH("Lunch",$C15)),$D15="Western"),RAND(),"") | M15: =IF(AND(ISNUMBER(SEARCH("Dinner",$C15)),$D15="Asian"),RAND(),"") | N15: =IF(AND(ISNUMBER(SEARCH("Dinner",$C15)),$D15="Chinese"),RAND(),"") | O15: =IF(AND(ISNUMBER(SEARCH("Dinner",$C15)),$D15="Western"),RAND(),"")
A16: Baba Ganosh | B16: Eggplants, Garlic, Tahini, Lemon, Greek Yoghurt, Olive Oil, Sea Salt, Sesame Seed, Fried Shallots | C16: Lunch | D16: Western | E16: Med | F16: https://www.instagram.com/reel/DJbY5amhoD_/?igsh=dWxmMWpseHFpZHg2 | G16: =IF(AND(ISNUMBER(SEARCH("Breakfast",$C16)),$D16="Asian"),RAND(),"") | H16: =IF(AND(ISNUMBER(SEARCH("Breakfast",$C16)),$D16="Chinese"),RAND(),"") | I16: =IF(AND(ISNUMBER(SEARCH("Breakfast",$C16)),$D16="Western"),RAND(),"") | J16: =IF(AND(ISNUMBER(SEARCH("Lunch",$C16)),$D16="Asian"),RAND(),"") | K16: =IF(AND(ISNUMBER(SEARCH("Lunch",$C16)),$D16="Chinese"),RAND(),"") | L16: =IF(AND(ISNUMBER(SEARCH("Lunch",$C16)),$D16="Western"),RAND(),"") | M16: =IF(AND(ISNUMBER(SEARCH("Dinner",$C16)),$D16="Asian"),RAND(),"") | N16: =IF(AND(ISNUMBER(SEARCH("Dinner",$C16)),$D16="Chinese"),RAND(),"") | O16: =IF(AND(ISNUMBER(SEARCH("Dinner",$C16)),$D16="Western"),RAND(),"")
A17: Bachormee Soup | B17: Egg Noodles, Meatballs, Minced Pork | C17: Lunch | D17: Western | E17: Med | G17: =IF(AND(ISNUMBER(SEARCH("Breakfast",$C17)),$D17="Asian"),RAND(),"") | H17: =IF(AND(ISNUMBER(SEARCH("Breakfast",$C17)),$D17="Chinese"),RAND(),"") | I17: =IF(AND(ISNUMBER(SEARCH("Breakfast",$C17)),$D17="Western"),RAND(),"") | J17: =IF(AND(ISNUMBER(SEARCH("Lunch",$C17)),$D17="Asian"),RAND(),"") | K17: =IF(AND(ISNUMBER(SEARCH("Lunch",$C17)),$D17="Chinese"),RAND(),"") | L17: =IF(AND(ISNUMBER(SEARCH("Lunch",$C17)),$D17="Western"),RAND(),"") | M17: =IF(AND(ISNUMBER(SEARCH("Dinner",$C17)),$D17="Asian"),RAND(),"") | N17: =IF(AND(ISNUMBER(SEARCH("Dinner",$C17)),$D17="Chinese"),RAND(),"") | O17: =IF(AND(ISNUMBER(SEARCH("Dinner",$C17)),$D17="Western"),RAND(),"") | P17: TRUE
A18: Back pain soup | B18: Pork Bone, 西施骨 | C18: Dinner | D18: Chinese | E18: Med | G18: =IF(AND(ISNUMBER(SEARCH("Breakfast",$C18)),$D18="Asian"),RAND(),"") | H18: =IF(AND(ISNUMBER(SEARCH("Breakfast",$C18)),$D18="Chinese"),RAND(),"") | I18: =IF(AND(ISNUMBER(SEARCH("Breakfast",$C18)),$D18="Western"),RAND(),"") | J18: =IF(AND(ISNUMBER(SEARCH("Lunch",$C18)),$D18="Asian"),RAND(),"") | K18: =IF(AND(ISNUMBER(SEARCH("Lunch",$C18)),$D18="Chinese"),RAND(),"") | L18: =IF(AND(ISNUMBER(SEARCH("Lunch",$C18)),$D18="Western"),RAND(),"") | M18: =IF(AND(ISNUMBER(SEARCH("Dinner",$C18)),$D18="Asian"),RAND(),"") | N18: =IF(AND(ISNUMBER(SEARCH("Dinner",$C18)),$D18="Chinese"),RAND(),"") | O18: =IF(AND(ISNUMBER(SEARCH("Dinner",$C18)),$D18="Western"),RAND(),"") | P18: TRUE
A19: Bacon | B19: Cabbage, Garlic | C19: Dinner | D19: Western | E19: Med | F19: https://icook.tw/recipes/166978?utm_source=copy&utm_medium=sharev3&utm_campaign=recipe-share | G19: =IF(AND(ISNUMBER(SEARCH("Breakfast",$C19)),$D19="Asian"),RAND(),"") | H19: =IF(AND(ISNUMBER(SEARCH("Breakfast",$C19)),$D19="Chinese"),RAND(),"") | I19: =IF(AND(ISNUMBER(SEARCH("Breakfast",$C19)),$D19="Western"),RAND(),"") | J19: =IF(AND(ISNUMBER(SEARCH("Lunch",$C19)),$D19="Asian"),RAND(),"") | K19: =IF(AND(ISNUMBER(SEARCH("Lunch",$C19)),$D19="Chinese"),RAND(),"") | L19: =IF(AND(ISNUMBER(SEARCH("Lunch",$C19)),$D19="Western"),RAND(),"") | M19: =IF(AND(ISNUMBER(SEARCH("Dinner",$C19)),$D19="Asian"),RAND(),"") | N19: =IF(AND(ISNUMBER(SEARCH("Dinner",$C19)),$D19="Chinese"),RAND(),"") | O19: =IF(AND(ISNUMBER(SEARCH("Dinner",$C19)),$D19="Western"),RAND(),"")
A20: Baicai | B20: Carrot, Enoki mushroom, Chilli | C20: Dinner | D20: Asian | E20: Low | F20: https://fb.watch/a9FI12brJ1/ | G20: =IF(AND(ISNUMBER(SEARCH("Breakfast",$C20)),$D20="Asian"),RAND(),"") | H20: =IF(AND(ISNUMBER(SEARCH("Breakfast",$C20)),$D20="Chinese"),RAND(),"") | I20: =IF(AND(ISNUMBER(SEARCH("Breakfast",$C20)),$D20="Western"),RAND(),"") | J20: =IF(AND(ISNUMBER(SEARCH("Lunch",$C20)),$D20="Asian"),RAND(),"") | K20: =IF(AND(ISNUMBER(SEARCH("Lunch",$C20)),$D20="Chinese"),RAND(),"") | L20: =IF(AND(ISNUMBER(SEARCH("Lunch",$C20)),$D20="Western"),RAND(),"") | M20: =IF(AND(ISNUMBER(SEARCH("Dinner",$C20)),$D20="Asian"),RAND(),"") | N20: =IF(AND(ISNUMBER(SEARCH("Dinner",$C20)),$D20="Chinese"),RAND(),"") | O20: =IF(AND(ISNUMBER(SEARCH("Dinner",$C20)),$D20="Western"),RAND(),"")
A21: Baimifen | B21: Prawns, Squid, Beehoon, Egg, Vege, Baimifen paste | C21: Lunch | D21: Chinese | E21: Med | G21: =IF(AND(ISNUMBER(SEARCH("Breakfast",$C21)),$D21="Asian"),RAND(),"") | H21: =IF(AND(ISNUMBER(SEARCH("Breakfast",$C21)),$D21="Chinese"),RAND(),"") | I21: =IF(AND(ISNUMBER(SEARCH("Breakfast",$C21)),$D21="Western"),RAND(),"") | J21: =IF(AND(ISNUMBER(SEARCH("Lunch",$C21)),$D21="Asian"),RAND(),"") | K21: =IF(AND(ISNUMBER(SEARCH("Lunch",$C21)),$D21="Chinese"),RAND(),"") | L21: =IF(AND(ISNUMBER(SEARCH("Lunch",$C21)),$D21="Western"),RAND(),"") | M21: =IF(AND(ISNUMBER(SEARCH("Dinner",$C21)),$D21="Asian"),RAND(),"") | N21: =IF(AND(ISNUMBER(SEARCH("Dinner",$C21)),$D21="Chinese"),RAND(),"") | O21: =IF(AND(ISNUMBER(SEARCH("Dinner",$C21)),$D21="Western"),RAND(),"")
A22: Bak Kut Teh | B22: 排骨, BKT Herbs | C22: Dinner | D22: Chinese | E22: High | G22: =IF(AND(ISNUMBER(SEARCH("Breakfast",$C22)),$D22="Asian"),RAND(),"") | H22: =IF(AND(ISNUMBER(SEARCH("Breakfast",$C22)),$D22="Chinese"),RAND(),"") | I22: =IF(AND(ISNUMBER(SEARCH("Breakfast",$C22)),$D22="Western"),RAND(),"") | J22: =IF(AND(ISNUMBER(SEARCH("Lunch",$C22)),$D22="Asian"),RAND(),"") | K22: =IF(AND(ISNUMBER(SEARCH("Lunch",$C22)),$D22="Chinese"),RAND(),"") | L22: =IF(AND(ISNUMBER(SEARCH("Lunch",$C22)),$D22="Western"),RAND(),"") | M22: =IF(AND(ISNUMBER(SEARCH("Dinner",$C22)),$D22="Asian"),RAND(),"") | N22: =IF(AND(ISNUMBER(SEARCH("Dinner",$C22)),$D22="Chinese"),RAND(),"") | O22: =IF(AND(ISNUMBER(SEARCH("Dinner",$C22)),$D22="Western"),RAND(),"")
A23: Baked Carrot Fries | B23: Carrot, Parmesan, Oregano, Garlic Powder, Paprika, Mayonaise, Chilli Sauce, Parsley | C23: Dinner | D23: Western | E23: High | F23: https://youtu.be/ZD_5nZr9yhM | G23: =IF(AND(ISNUMBER(SEARCH("Breakfast",$C23)),$D23="Asian"),RAND(),"") | H23: =IF(AND(ISNUMBER(SEARCH("Breakfast",$C23)),$D23="Chinese"),RAND(),"") | I23: =IF(AND(ISNUMBER(SEARCH("Breakfast",$C23)),$D23="Western"),RAND(),"") | J23: =IF(AND(ISNUMBER(SEARCH("Lunch",$C23)),$D23="Asian"),RAND(),"") | K23: =IF(AND(ISNUMBER(SEARCH("Lunch",$C23)),$D23="Chinese"),RAND(),"") | L23: =IF(AND(ISNUMBER(SEARCH("Lunch",$C23)),$D23="Western"),RAND(),"") | M23: =IF(AND(ISNUMBER(SEARCH("Dinner",$C23)),$D23="Asian"),RAND(),"") | N23: =IF(AND(ISNUMBER(SEARCH("Dinner",$C23)),$D23="Chinese"),RAND(),"") | O23: =IF(AND(ISNUMBER(SEARCH("Dinner",$C23)),$D23="Western"),RAND(),"")
A24: Baked chicken Italian | B24: Chicken breast, Oregano, Thyme, Paprika, Garlic, Lemon, Red onion, tomato, Parsley, Basil | C24: Dinner | D24: Western | E24: Low | F24: https://youtu.be/jYkqDKxsdxE | G24: =IF(AND(ISNUMBER(SEARCH("Breakfast",$C24)),$D24="Asian"),RAND(),"") | H24: =IF(AND(ISNUMBER(SEARCH("Breakfast",$C24)),$D24="Chinese"),RAND(),"") | I24: =IF(AND(ISNUMBER(SEARCH("Breakfast",$C24)),$D24="Western"),RAND(),"") | J24: =IF(AND(ISNUMBER(SEARCH("Lunch",$C24)),$D24="Asian"),RAND(),"") | K24: =IF(AND(ISNUMBER(SEARCH("Lunch",$C24)),$D24="Chinese"),RAND(),"") | L24: =IF(AND(ISNUMBER(SEARCH("Lunch",$C24)),$D24="Western"),RAND(),"") | M24: =IF(AND(ISNUMBER(SEARCH("Dinner",$C24)),$D24="Asian"),RAND(),"") | N24: =IF(AND(ISNUMBER(SEARCH("Dinner",$C24)),$D24="Chinese"),RAND(),"") | O24: =IF(AND(ISNUMBER(SEARCH("Dinner",$C24)),$D24="Western"),RAND(),"")
A25: Baked Halibut | B25: Mayonaise, Shallot, Lemon Juice, Cilantro, Chives, Dijon Mustard, Halibut | C25: Dinner | D25: Western | E25: Med | G25: =IF(AND(ISNUMBER(SEARCH("Breakfast",$C25)),$D25="Asian"),RAND(),"") | H25: =IF(AND(ISNUMBER(SEARCH("Breakfast",$C25)),$D25="Chinese"),RAND(),"") | I25: =IF(AND(ISNUMBER(SEARCH("Breakfast",$C25)),$D25="Western"),RAND(),"") | J25: =IF(AND(ISNUMBER(SEARCH("Lunch",$C25)),$D25="Asian"),RAND(),"") | K25: =IF(AND(ISNUMBER(SEARCH("Lunch",$C25)),$D25="Chinese"),RAND(),"") | L25: =IF(AND(ISNUMBER(SEARCH("Lunch",$C25)),$D25="Western"),RAND(),"") | M25: =IF(AND(ISNUMBER(SEARCH("Dinner",$C25)),$D25="Asian"),RAND(),"") | N25: =IF(AND(ISNUMBER(SEARCH("Dinner",$C25)),$D25="Chinese"),RAND(),"") | O25: =IF(AND(ISNUMBER(SEARCH("Dinner",$C25)),$D25="Western"),RAND(),"")
A26: Baked macaroni | B26: Eggs, Nutmeg powder, Black pepper, Ground pork with onions, Macaroni, Cheddar cheese, Milk, Cream cheese | C26: Dinner | D26: Western | E26: Med | F26: https://www.instagram.com/reel/DCk9dYUAOQl/?igsh=d3UwcXdqZnl3bnR0 | G26: =IF(AND(ISNUMBER(SEARCH("Breakfast",$C26)),$D26="Asian"),RAND(),"") | H26: =IF(AND(ISNUMBER(SEARCH("Breakfast",$C26)),$D26="Chinese"),RAND(),"") | I26: =IF(AND(ISNUMBER(SEARCH("Breakfast",$C26)),$D26="Western"),RAND(),"") | J26: =IF(AND(ISNUMBER(SEARCH("Lunch",$C26)),$D26="Asian"),RAND(),"") | K26: =IF(AND(ISNUMBER(SEARCH("Lunch",$C26)),$D26="Chinese"),RAND(),"") | L26: =IF(AND(ISNUMBER(SEARCH("Lunch",$C26)),$D26="Western"),RAND(),"") | M26: =IF(AND(ISNUMBER(SEARCH("Dinner",$C26)),$D26="Asian"),RAND(),"") | N26: =IF(AND(ISNUMBER(SEARCH("Dinner",$C26)),$D26="Chinese"),RAND(),"") | O26: =IF(AND(ISNUMBER(SEARCH("Dinner",$C26)),$D26="Western"),RAND(),"")
A27: Baked potato with beans | B27: Potato, Baked beans, Canned sweet corn, Garlic, Cumin, Sour cream, Green onion, Cheese | C27: Dinner | D27: Western | E27: Med | F27: https://www.kitchenstories.com/en/recipes/baked-potatoes-with-corn-and-beans | G27: =IF(AND(ISNUMBER(SEARCH("Breakfast",$C27)),$D27="Asian"),RAND(),"") | H27: =IF(AND(ISNUMBER(SEARCH("Breakfast",$C27)),$D27="Chinese"),RAND(),"") | I27: =IF(AND(ISNUMBER(SEARCH("Breakfast",$C27)),$D27="Western"),RAND(),"") | J27: =IF(AND(ISNUMBER(SEARCH("Lunch",$C27)),$D27="Asian"),RAND(),"") | K27: =IF(AND(ISNUMBER(SEARCH("Lunch",$C27)),$D27="Chinese"),RAND(),"") | L27: =IF(AND(ISNUMBER(SEARCH("Lunch",$C27)),$D27="Western"),RAND(),"") | M27: =IF(AND(ISNUMBER(SEARCH("Dinner",$C27)),$D27="Asian"),RAND(),"") | N27: =IF(AND(ISNUMBER(SEARCH("Dinner",$C27)),$D27="Chinese"),RAND(),"") | O27: =IF(AND(ISNUMBER(SEARCH("Dinner",$C27)),$D27="Western"),RAND(),"")
A28: Baked Salmon | B28: Salmon, Nectarines, Lemon, Granny smith apples, cucumber, can sweet corn, rosemary | C28: Dinner | D28: Western | E28: Low | F28: https://www.kitchenstories.com/en/recipes/baked-salmon-with-nectarine-salsa | G28: =IF(AND(ISNUMBER(SEARCH("Breakfast",$C28)),$D28="Asian"),RAND(),"") | H28: =IF(AND(ISNUMBER(SEARCH("Breakfast",$C28)),$D28="Chinese"),RAND(),"") | I28: =IF(AND(ISNUMBER(SEARCH("Breakfast",$C28)),$D28="Western"),RAND(),"") | J28: =IF(AND(ISNUMBER(SEARCH("Lunch",$C28)),$D28="Asian"),RAND(),"") | K28: =IF(AND(ISNUMBER(SEARCH("Lunch",$C28)),$D28="Chinese"),RAND(),"") | L28: =IF(AND(ISNUMBER(SEARCH("Lunch",$C28)),$D28="Western"),RAND(),"") | M28: =IF(AND(ISNUMBER(SEARCH("Dinner",$C28)),$D28="Asian"),RAND(),"") | N28: =IF(AND(ISNUMBER(SEARCH("Dinner",$C28)),$D28="Chinese"),RAND(),"") | O28: =IF(AND(ISNUMBER(SEARCH("Dinner",$C28)),$D28="Western"),RAND(),"")
A29: Banana cake | B29: All purpose flour, Baking soda, unsalted butter, sugar, vanilla, milk, banana, chocolate chunks | C29: Breakfast | D29: Western | E29: Med | F29: https://makeitdough.com/sourdough-discard-banana-snack-cake/ | G29: =IF(AND(ISNUMBER(SEARCH("Breakfast",$C29)),$D29="Asian"),RAND(),"") | H29: =IF(AND(ISNUMBER(SEARCH("Breakfast",$C29)),$D29="Chinese"),RAND(),"") | I29: =IF(AND(ISNUMBER(SEARCH("Breakfast",$C29)),$D29="Western"),RAND(),"") | J29: =IF(AND(ISNUMBER(SEARCH("Lunch",$C29)),$D29="Asian"),RAND(),"") | K29: =IF(AND(ISNUMBER(SEARCH("Lunch",$C29)),$D29="Chinese"),RAND(),"") | L29: =IF(AND(ISNUMBER(SEARCH("Lunch",$C29)),$D29="Western"),RAND(),"") | M29: =IF(AND(ISNUMBER(SEARCH("Dinner",$C29)),$D29="Asian"),RAND(),"") | N29: =IF(AND(ISNUMBER(SEARCH("Dinner",$C29)),$D29="Chinese"),RAND(),"") | O29: =IF(AND(ISNUMBER(SEARCH("Dinner",$C29)),$D29="Western"),RAND(),"")
A30: Barley Risotto with shrimp in white wine sauce | B30: Barley, Shrimp, Lemon, Parsely, Garlic, White Wine, Cold Butter, Olive Oil | C30: Lunch | D30: Western | E30: Med | F30: https://www.kitchenstories.com/en/recipes/angel-hair-pasta-with-shrimp-in-white-wine-sauce | G30: =IF(AND(ISNUMBER(SEARCH("Breakfast",$C30)),$D30="Asian"),RAND(),"") | H30: =IF(AND(ISNUMBER(SEARCH("Breakfast",$C30)),$D30="Chinese"),RAND(),"") | I30: =IF(AND(ISNUMBER(SEARCH("Breakfast",$C30)),$D30="Western"),RAND(),"") | J30: =IF(AND(ISNUMBER(SEARCH("Lunch",$C30)),$D30="Asian"),RAND(),"") | K30: =IF(AND(ISNUMBER(SEARCH("Lunch",$C30)),$D30="Chinese"),RAND(),"") | L30: =IF(AND(ISNUMBER(SEARCH("Lunch",$C30)),$D30="Western"),RAND(),"") | M30: =IF(AND(ISNUMBER(SEARCH("Dinner",$C30)),$D30="Asian"),RAND(),"") | N30: =IF(AND(ISNUMBER(SEARCH("Dinner",$C30)),$D30="Chinese"),RAND(),"") | O30: =IF(AND(ISNUMBER(SEARCH("Dinner",$C30)),$D30="Western"),RAND(),"")
A31: Bean and Feta Salad | B31: Kidney beans, Feta cheese, Red leaf lettuce, Yellow Bell peppers, tomatoes, White wine vinegar, Balsamic vinegar, Mustard | C31: Dinner | D31: Western | E31: High | F31: https://www.kitchenstories.com/en/recipes/bean-and-feta-salad-in-a-jar | G31: =IF(AND(ISNUMBER(SEARCH("Breakfast",$C31)),$D31="Asian"),RAND(),"") | H31: =IF(AND(ISNUMBER(SEARCH("Breakfast",$C31)),$D31="Chinese"),RAND(),"") | I31: =IF(AND(ISNUMBER(SEARCH("Breakfast",$C31)),$D31="Western"),RAND(),"") | J31: =IF(AND(ISNUMBER(SEARCH("Lunch",$C31)),$D31="Asian"),RAND(),"") | K31: =IF(AND(ISNUMBER(SEARCH("Lunch",$C31)),$D31="Chinese"),RAND(),"") | L31: =IF(AND(ISNUMBER(SEARCH("Lunch",$C31)),$D31="Western"),RAND(),"") | M31: =IF(AND(ISNUMBER(SEARCH("Dinner",$C31)),$D31="Asian"),RAND(),"") | N31: =IF(AND(ISNUMBER(SEARCH("Dinner",$C31)),$D31="Chinese"),RAND(),"") | O31: =IF(AND(ISNUMBER(SEARCH("Dinner",$C31)),$D31="Western"),RAND(),"")
A32: Beef Bourguignon | B32: Bacon, Beef Brisket, Carrot, Onion, Garlic, Red Wine, Tomato Paste/Ketchup, Thyme, Parsley, Bay leave, White/Brown Mushroom, Butter | C32: Dinner | D32: Western | E32: High | F32: https://cafedelites.com/beef-bourguignon/ | G32: =IF(AND(ISNUMBER(SEARCH("Breakfast",$C32)),$D32="Asian"),RAND(),"") | H32: =IF(AND(ISNUMBER(SEARCH("Breakfast",$C32)),$D32="Chinese"),RAND(),"") | I32: =IF(AND(ISNUMBER(SEARCH("Breakfast",$C32)),$D32="Western"),RAND(),"") | J32: =IF(AND(ISNUMBER(SEARCH("Lunch",$C32)),$D32="Asian"),RAND(),"") | K32: =IF(AND(ISNUMBER(SEARCH("Lunch",$C32)),$D32="Chinese"),RAND(),"") | L32: =IF(AND(ISNUMBER(SEARCH("Lunch",$C32)),$D32="Western"),RAND(),"") | M32: =IF(AND(ISNUMBER(SEARCH("Dinner",$C32)),$D32="Asian"),RAND(),"") | N32: =IF(AND(ISNUMBER(SEARCH("Dinner",$C32)),$D32="Chinese"),RAND(),"") | O32: =IF(AND(ISNUMBER(SEARCH("Dinner",$C32)),$D32="Western"),RAND(),"")
A33: Beef Bulgogi rice | B33: Minced Beef, Dark Soy Sauce, Light Soy Sauce, Garlic, Brown Sugar, Sesame Oil, Rice | C33: Dinner | D33: Asian | E33: Med | F33: https://www.instagram.com/reel/DOGzVpMjZvB/?igsh=N29xeXBhaG92cW4w | G33: =IF(AND(ISNUMBER(SEARCH("Breakfast",$C33)),$D33="Asian"),RAND(),"") | H33: =IF(AND(ISNUMBER(SEARCH("Breakfast",$C33)),$D33="Chinese"),RAND(),"") | I33: =IF(AND(ISNUMBER(SEARCH("Breakfast",$C33)),$D33="Western"),RAND(),"") | J33: =IF(AND(ISNUMBER(SEARCH("Lunch",$C33)),$D33="Asian"),RAND(),"") | K33: =IF(AND(ISNUMBER(SEARCH("Lunch",$C33)),$D33="Chinese"),RAND(),"") | L33: =IF(AND(ISNUMBER(SEARCH("Lunch",$C33)),$D33="Western"),RAND(),"") | M33: =IF(AND(ISNUMBER(SEARCH("Dinner",$C33)),$D33="Asian"),RAND(),"") | N33: =IF(AND(ISNUMBER(SEARCH("Dinner",$C33)),$D33="Chinese"),RAND(),"") | O33: =IF(AND(ISNUMBER(SEARCH("Dinner",$C33)),$D33="Western"),RAND(),"")
A34: Beef Meal | B34: 牛肋条, Spring Onion, Sesame Oil, Salt, Black Pepper | C34: Dinner | D34: Asian | E34: Low | F34: https://www.instagram.com/tv/Cb_tMkzJgD1/?igshid=MDJmNzVkMjY= | G34: =IF(AND(ISNUMBER(SEARCH("Breakfast",$C34)),$D34="Asian"),RAND(),"") | H34: =IF(AND(ISNUMBER(SEARCH("Breakfast",$C34)),$D34="Chinese"),RAND(),"") | I34: =IF(AND(ISNUMBER(SEARCH("Breakfast",$C34)),$D34="Western"),RAND(),"") | J34: =IF(AND(ISNUMBER(SEARCH("Lunch",$C34)),$D34="Asian"),RAND(),"") | K34: =IF(AND(ISNUMBER(SEARCH("Lunch",$C34)),$D34="Chinese"),RAND(),"") | L34: =IF(AND(ISNUMBER(SEARCH("Lunch",$C34)),$D34="Western"),RAND(),"") | M34: =IF(AND(ISNUMBER(SEARCH("Dinner",$C34)),$D34="Asian"),RAND(),"") | N34: =IF(AND(ISNUMBER(SEARCH("Dinner",$C34)),$D34="Chinese"),RAND(),"") | O34: =IF(AND(ISNUMBER(SEARCH("Dinner",$C34)),$D34="Western"),RAND(),"")
A35: Beef Ragout | B35: Beef, Celery Roots, Carrots, Onion, Rosemary, Thyme, Butter, Cinnamon, Bay Leaves, Porcini Mushrooms, Chopped Tomato, Red Wine, Chicken Stock, Cream, Potato | C35: Dinner | D35: Western | E35: Low | F35: https://www.kitchenstories.com/en/recipes/beef-ragout-with-celery-root-puree | G35: =IF(AND(ISNUMBER(SEARCH("Breakfast",$C35)),$D35="Asian"),RAND(),"") | H35: =IF(AND(ISNUMBER(SEARCH("Breakfast",$C35)),$D35="Chinese"),RAND(),"") | I35: =IF(AND(ISNUMBER(SEARCH("Breakfast",$C35)),$D35="Western"),RAND(),"") | J35: =IF(AND(ISNUMBER(SEARCH("Lunch",$C35)),$D35="Asian"),RAND(),"") | K35: =IF(AND(ISNUMBER(SEARCH("Lunch",$C35)),$D35="Chinese"),RAND(),"") | L35: =IF(AND(ISNUMBER(SEARCH("Lunch",$C35)),$D35="Western"),RAND(),"") | M35: =IF(AND(ISNUMBER(SEARCH("Dinner",$C35)),$D35="Asian"),RAND(),"") | N35: =IF(AND(ISNUMBER(SEARCH("Dinner",$C35)),$D35="Chinese"),RAND(),"") | O35: =IF(AND(ISNUMBER(SEARCH("Dinner",$C35)),$D35="Western"),RAND(),"")
A36: Beer Pork | B36: Pork Belly, Spring Onion, Ginger, Garlic, Soy Sauce, Beer, Sugar | C36: Dinner | D36: Asian | E36: Low | F36: https://www.instagram.com/reel/C68XW-2Pl3Y/?igsh=MWdvcGhybG1ybWNmag== | G36: =IF(AND(ISNUMBER(SEARCH("Breakfast",$C36)),$D36="Asian"),RAND(),"") | H36: =IF(AND(ISNUMBER(SEARCH("Breakfast",$C36)),$D36="Chinese"),RAND(),"") | I36: =IF(AND(ISNUMBER(SEARCH("Breakfast",$C36)),$D36="Western"),RAND(),"") | J36: =IF(AND(ISNUMBER(SEARCH("Lunch",$C36)),$D36="Asian"),RAND(),"") | K36: =IF(AND(ISNUMBER(SEARCH("Lunch",$C36)),$D36="Chinese"),RAND(),"") | L36: =IF(AND(ISNUMBER(SEARCH("Lunch",$C36)),$D36="Western"),RAND(),"") | M36: =IF(AND(ISNUMBER(SEARCH("Dinner",$C36)),$D36="Asian"),RAND(),"") | N36: =IF(AND(ISNUMBER(SEARCH("Dinner",$C36)),$D36="Chinese"),RAND(),"") | O36: =IF(AND(ISNUMBER(SEARCH("Dinner",$C36)),$D36="Western"),RAND(),"")
A37: Beets | B37: Honey, Fig, Baby Spinach, Red Onion, Walnuts, Apple Cider Vinegar, Feta Cheese | C37: Dinner | D37: Western | E37: Med | F37: https://www.kitchenstories.com/en/recipes/mixed-beet-salad-with-honey-mustard-dressing | G37: =IF(AND(ISNUMBER(SEARCH("Breakfast",$C37)),$D37="Asian"),RAND(),"") | H37: =IF(AND(ISNUMBER(SEARCH("Breakfast",$C37)),$D37="Chinese"),RAND(),"") | I37: =IF(AND(ISNUMBER(SEARCH("Breakfast",$C37)),$D37="Western"),RAND(),"") | J37: =IF(AND(ISNUMBER(SEARCH("Lunch",$C37)),$D37="Asian"),RAND(),"") | K37: =IF(AND(ISNUMBER(SEARCH("Lunch",$C37)),$D37="Chinese"),RAND(),"") | L37: =IF(AND(ISNUMBER(SEARCH("Lunch",$C37)),$D37="Western"),RAND(),"") | M37: =IF(AND(ISNUMBER(SEARCH("Dinner",$C37)),$D37="Asian"),RAND(),"") | N37: =IF(AND(ISNUMBER(SEARCH("Dinner",$C37)),$D37="Chinese"),RAND(),"") | O37: =IF(AND(ISNUMBER(SEARCH("Dinner",$C37)),$D37="Western"),RAND(),"")
A38: Beets salad | B38: Beetroot, Mint, Pine nuts, Grapefruit, Orange, Lime, Olive oil, Honey, Feta cheese | C38: Dinner | D38: Western | E38: High | G38: =IF(AND(ISNUMBER(SEARCH("Breakfast",$C38)),$D38="Asian"),RAND(),"") | H38: =IF(AND(ISNUMBER(SEARCH("Breakfast",$C38)),$D38="Chinese"),RAND(),"") | I38: =IF(AND(ISNUMBER(SEARCH("Breakfast",$C38)),$D38="Western"),RAND(),"") | J38: =IF(AND(ISNUMBER(SEARCH("Lunch",$C38)),$D38="Asian"),RAND(),"") | K38: =IF(AND(ISNUMBER(SEARCH("Lunch",$C38)),$D38="Chinese"),RAND(),"") | L38: =IF(AND(ISNUMBER(SEARCH("Lunch",$C38)),$D38="Western"),RAND(),"") | M38: =IF(AND(ISNUMBER(SEARCH("Dinner",$C38)),$D38="Asian"),RAND(),"") | N38: =IF(AND(ISNUMBER(SEARCH("Dinner",$C38)),$D38="Chinese"),RAND(),"") | O38: =IF(AND(ISNUMBER(SEARCH("Dinner",$C38)),$D38="Western"),RAND(),"")
A39: Bianyu Vege | B39: 白菜, 虾米, 扁鱼, Garlic | C39: Dinner | D39: Chinese | E39: High | F39: https://icook.tw/recipes/292390?utm_source=copy&utm_medium=sharev3&utm_campaign=recipe-share | G39: =IF(AND(ISNUMBER(SEARCH("Breakfast",$C39)),$D39="Asian"),RAND(),"") | H39: =IF(AND(ISNUMBER(SEARCH("Breakfast",$C39)),$D39="Chinese"),RAND(),"") | I39: =IF(AND(ISNUMBER(SEARCH("Breakfast",$C39)),$D39="Western"),RAND(),"") | J39: =IF(AND(ISNUMBER(SEARCH("Lunch",$C39)),$D39="Asian"),RAND(),"") | K39: =IF(AND(ISNUMBER(SEARCH("Lunch",$C39)),$D39="Chinese"),RAND(),"") | L39: =IF(AND(ISNUMBER(SEARCH("Lunch",$C39)),$D39="Western"),RAND(),"") | M39: =IF(AND(ISNUMBER(SEARCH("Dinner",$C39)),$D39="Asian"),RAND(),"") | N39: =IF(AND(ISNUMBER(SEARCH("Dinner",$C39)),$D39="Chinese"),RAND(),"") | O39: =IF(AND(ISNUMBER(SEARCH("Dinner",$C39)),$D39="Western"),RAND(),"")
A40: Bitter Gourd Soup | B40: Bitter Gourd, 排骨, 黃豆, 香菇, 米酒, 老菜脯 | C40: Dinner | D40: Chinese | E40: High | F40: https://icook.tw/recipes/438028?utm_source=copy&utm_medium=sharev3&utm_campaign=recipe-share | G40: =IF(AND(ISNUMBER(SEARCH("Breakfast",$C40)),$D40="Asian"),RAND(),"") | H40: =IF(AND(ISNUMBER(SEARCH("Breakfast",$C40)),$D40="Chinese"),RAND(),"") | I40: =IF(AND(ISNUMBER(SEARCH("Breakfast",$C40)),$D40="Western"),RAND(),"") | J40: =IF(AND(ISNUMBER(SEARCH("Lunch",$C40)),$D40="Asian"),RAND(),"") | K40: =IF(AND(ISNUMBER(SEARCH("Lunch",$C40)),$D40="Chinese"),RAND(),"") | L40: =IF(AND(ISNUMBER(SEARCH("Lunch",$C40)),$D40="Western"),RAND(),"") | M40: =IF(AND(ISNUMBER(SEARCH("Dinner",$C40)),$D40="Asian"),RAND(),"") | N40: =IF(AND(ISNUMBER(SEARCH("Dinner",$C40)),$D40="Chinese"),RAND(),"") | O40: =IF(AND(ISNUMBER(SEARCH("Dinner",$C40)),$D40="Western"),RAND(),"") | P40: TRUE
A41: Bittergourd Soup | B41: Pork Belly, Spring Onion, Ginger, Garlic, Soy Sauce, Beer, Sugar, Chicken Stock, Bittergourd | C41: Dinner | D41: Chinese | E41: Low | F41: https://icook.tw/recipes/341023?utm_source=copy&utm_medium=sharev3&utm_campaign=recipe-share | G41: =IF(AND(ISNUMBER(SEARCH("Breakfast",$C41)),$D41="Asian"),RAND(),"") | H41: =IF(AND(ISNUMBER(SEARCH("Breakfast",$C41)),$D41="Chinese"),RAND(),"") | I41: =IF(AND(ISNUMBER(SEARCH("Breakfast",$C41)),$D41="Western"),RAND(),"") | J41: =IF(AND(ISNUMBER(SEARCH("Lunch",$C41)),$D41="Asian"),RAND(),"") | K41: =IF(AND(ISNUMBER(SEARCH("Lunch",$C41)),$D41="Chinese"),RAND(),"") | L41: =IF(AND(ISNUMBER(SEARCH("Lunch",$C41)),$D41="Western"),RAND(),"") | M41: =IF(AND(ISNUMBER(SEARCH("Dinner",$C41)),$D41="Asian"),RAND(),"") | N41: =IF(AND(ISNUMBER(SEARCH("Dinner",$C41)),$D41="Chinese"),RAND(),"") | O41: =IF(AND(ISNUMBER(SEARCH("Dinner",$C41)),$D41="Western"),RAND(),"") | P41: TRUE
A42: BKT | B42: BKT pack, Pork Ribs, Mushroom, Red Dates | C42: Dinner | D42: Chinese | E42: High | F42: https://icook.tw/recipes/463019?utm_source=copy&utm_medium=sharev3&utm_campaign=recipe-share | G42: =IF(AND(ISNUMBER(SEARCH("Breakfast",$C42)),$D42="Asian"),RAND(),"") | H42: =IF(AND(ISNUMBER(SEARCH("Breakfast",$C42)),$D42="Chinese"),RAND(),"") | I42: =IF(AND(ISNUMBER(SEARCH("Breakfast",$C42)),$D42="Western"),RAND(),"") | J42: =IF(AND(ISNUMBER(SEARCH("Lunch",$C42)),$D42="Asian"),RAND(),"") | K42: =IF(AND(ISNUMBER(SEARCH("Lunch",$C42)),$D42="Chinese"),RAND(),"") | L42: =IF(AND(ISNUMBER(SEARCH("Lunch",$C42)),$D42="Western"),RAND(),"") | M42: =IF(AND(ISNUMBER(SEARCH("Dinner",$C42)),$D42="Asian"),RAND(),"") | N42: =IF(AND(ISNUMBER(SEARCH("Dinner",$C42)),$D42="Chinese"),RAND(),"") | O42: =IF(AND(ISNUMBER(SEARCH("Dinner",$C42)),$D42="Western"),RAND(),"")
A43: Black Bean Brownie | B43: Egg, Almonds, Black beans, Milo powder, Baking powder, Dates, Almond milk, Vanilla, Almond butter, Dark chocolate | C43: Breakfast | D43: Western | E43: Low | F43: https://gatheringdreams.com/black-bean-brownies/ | G43: =IF(AND(ISNUMBER(SEARCH("Breakfast",$C43)),$D43="Asian"),RAND(),"") | H43: =IF(AND(ISNUMBER(SEARCH("Breakfast",$C43)),$D43="Chinese"),RAND(),"") | I43: =IF(AND(ISNUMBER(SEARCH("Breakfast",$C43)),$D43="Western"),RAND(),"") | J43: =IF(AND(ISNUMBER(SEARCH("Lunch",$C43)),$D43="Asian"),RAND(),"") | K43: =IF(AND(ISNUMBER(SEARCH("Lunch",$C43)),$D43="Chinese"),RAND(),"") | L43: =IF(AND(ISNUMBER(SEARCH("Lunch",$C43)),$D43="Western"),RAND(),"") | M43: =IF(AND(ISNUMBER(SEARCH("Dinner",$C43)),$D43="Asian"),RAND(),"") | N43: =IF(AND(ISNUMBER(SEARCH("Dinner",$C43)),$D43="Chinese"),RAND(),"") | O43: =IF(AND(ISNUMBER(SEARCH("Dinner",$C43)),$D43="Western"),RAND(),"")
A44: Black Chicken Dangshen Soup | B44: Black Chicken, Chinese Yam, 党参, 红枣, 枸杞, 龙眼 | C44: Dinner | D44: Chinese | E44: Med | F44: https://www.instagram.com/reel/DN4mhnbCTN4/?igsh=MWxrajBrbXVzOXFoOQ== | G44: =IF(AND(ISNUMBER(SEARCH("Breakfast",$C44)),$D44="Asian"),RAND(),"") | H44: =IF(AND(ISNUMBER(SEARCH("Breakfast",$C44)),$D44="Chinese"),RAND(),"") | I44: =IF(AND(ISNUMBER(SEARCH("Breakfast",$C44)),$D44="Western"),RAND(),"") | J44: =IF(AND(ISNUMBER(SEARCH("Lunch",$C44)),$D44="Asian"),RAND(),"") | K44: =IF(AND(ISNUMBER(SEARCH("Lunch",$C44)),$D44="Chinese"),RAND(),"") | L44: =IF(AND(ISNUMBER(SEARCH("Lunch",$C44)),$D44="Western"),RAND(),"") | M44: =IF(AND(ISNUMBER(SEARCH("Dinner",$C44)),$D44="Asian"),RAND(),"") | N44: =IF(AND(ISNUMBER(SEARCH("Dinner",$C44)),$D44="Chinese"),RAND(),"") | O44: =IF(AND(ISNUMBER(SEARCH("Dinner",$C44)),$D44="Western"),RAND(),"") | P44: TRUE
A45: Black Chicken Herbal | B45: Black Chicken, Herbal Packet | C45: Dinner | D45: Chinese | E45: Med | G45: =IF(AND(ISNUMBER(SEARCH("Breakfast",$C45)),$D45="Asian"),RAND(),"") | H45: =IF(AND(ISNUMBER(SEARCH("Breakfast",$C45)),$D45="Chinese"),RAND(),"") | I45: =IF(AND(ISNUMBER(SEARCH("Breakfast",$C45)),$D45="Western"),RAND(),"") | J45: =IF(AND(ISNUMBER(SEARCH("Lunch",$C45)),$D45="Asian"),RAND(),"") | K45: =IF(AND(ISNUMBER(SEARCH("Lunch",$C45)),$D45="Chinese"),RAND(),"") | L45: =IF(AND(ISNUMBER(SEARCH("Lunch",$C45)),$D45="Western"),RAND(),"") | M45: =IF(AND(ISNUMBER(SEARCH("Dinner",$C45)),$D45="Asian"),RAND(),"") | N45: =IF(AND(ISNUMBER(SEARCH("Dinner",$C45)),$D45="Chinese"),RAND(),"") | O45: =IF(AND(ISNUMBER(SEARCH("Dinner",$C45)),$D45="Western"),RAND(),"")
A46: Black Pepper Crab | B46: Crab sauce, Crab, Cornflour, Oil, Unsalted Butter | C46: Dinner | D46: Chinese | E46: Low | G46: =IF(AND(ISNUMBER(SEARCH("Breakfast",$C46)),$D46="Asian"),RAND(),"") | H46: =IF(AND(ISNUMBER(SEARCH("Breakfast",$C46)),$D46="Chinese"),RAND(),"") | I46: =IF(AND(ISNUMBER(SEARCH("Breakfast",$C46)),$D46="Western"),RAND(),"") | J46: =IF(AND(ISNUMBER(SEARCH("Lunch",$C46)),$D46="Asian"),RAND(),"") | K46: =IF(AND(ISNUMBER(SEARCH("Lunch",$C46)),$D46="Chinese"),RAND(),"") | L46: =IF(AND(ISNUMBER(SEARCH("Lunch",$C46)),$D46="Western"),RAND(),"") | M46: =IF(AND(ISNUMBER(SEARCH("Dinner",$C46)),$D46="Asian"),RAND(),"") | N46: =IF(AND(ISNUMBER(SEARCH("Dinner",$C46)),$D46="Chinese"),RAND(),"") | O46: =IF(AND(ISNUMBER(SEARCH("Dinner",$C46)),$D46="Western"),RAND(),"")
A47: Black Silkie Chicken with Vegetable and Chestnuts | B47: Black Chicken, Chestnuts x 20, Corn, Carrot, Onion, Longans | C47: Dinner | D47: Chinese | E47: Low | F47: https://theasianparent.page.link/PUpD5eeHYv58MgiZ6 | G47: =IF(AND(ISNUMBER(SEARCH("Breakfast",$C47)),$D47="Asian"),RAND(),"") | H47: =IF(AND(ISNUMBER(SEARCH("Breakfast",$C47)),$D47="Chinese"),RAND(),"") | I47: =IF(AND(ISNUMBER(SEARCH("Breakfast",$C47)),$D47="Western"),RAND(),"") | J47: =IF(AND(ISNUMBER(SEARCH("Lunch",$C47)),$D47="Asian"),RAND(),"") | K47: =IF(AND(ISNUMBER(SEARCH("Lunch",$C47)),$D47="Chinese"),RAND(),"") | L47: =IF(AND(ISNUMBER(SEARCH("Lunch",$C47)),$D47="Western"),RAND(),"") | M47: =IF(AND(ISNUMBER(SEARCH("Dinner",$C47)),$D47="Asian"),RAND(),"") | N47: =IF(AND(ISNUMBER(SEARCH("Dinner",$C47)),$D47="Chinese"),RAND(),"") | O47: =IF(AND(ISNUMBER(SEARCH("Dinner",$C47)),$D47="Western"),RAND(),"")
A48: BLACK SWEET VINEGAR PORK TROTTER) | B48: Pork trotters, Ginger, Sugar, Chinese black rice vinegar, Sweet black vinegar, Sesame oil, Light soy sauce | C48: Dinner | D48: Chinese | E48: Low | G48: =IF(AND(ISNUMBER(SEARCH("Breakfast",$C48)),$D48="Asian"),RAND(),"") | H48: =IF(AND(ISNUMBER(SEARCH("Breakfast",$C48)),$D48="Chinese"),RAND(),"") | I48: =IF(AND(ISNUMBER(SEARCH("Breakfast",$C48)),$D48="Western"),RAND(),"") | J48: =IF(AND(ISNUMBER(SEARCH("Lunch",$C48)),$D48="Asian"),RAND(),"") | K48: =IF(AND(ISNUMBER(SEARCH("Lunch",$C48)),$D48="Chinese"),RAND(),"") | L48: =IF(AND(ISNUMBER(SEARCH("Lunch",$C48)),$D48="Western"),RAND(),"") | M48: =IF(AND(ISNUMBER(SEARCH("Dinner",$C48)),$D48="Asian"),RAND(),"") | N48: =IF(AND(ISNUMBER(SEARCH("Dinner",$C48)),$D48="Chinese"),RAND(),"") | O48: =IF(AND(ISNUMBER(SEARCH("Dinner",$C48)),$D48="Western"),RAND(),"")
A49: Blanched Choy Sum | B49: Choy Sum, Oyster Sauce | C49: Dinner | D49: Chinese | E49: High | G49: =IF(AND(ISNUMBER(SEARCH("Breakfast",$C49)),$D49="Asian"),RAND(),"") | H49: =IF(AND(ISNUMBER(SEARCH("Breakfast",$C49)),$D49="Chinese"),RAND(),"") | I49: =IF(AND(ISNUMBER(SEARCH("Breakfast",$C49)),$D49="Western"),RAND(),"") | J49: =IF(AND(ISNUMBER(SEARCH("Lunch",$C49)),$D49="Asian"),RAND(),"") | K49: =IF(AND(ISNUMBER(SEARCH("Lunch",$C49)),$D49="Chinese"),RAND(),"") | L49: =IF(AND(ISNUMBER(SEARCH("Lunch",$C49)),$D49="Western"),RAND(),"") | M49: =IF(AND(ISNUMBER(SEARCH("Dinner",$C49)),$D49="Asian"),RAND(),"") | N49: =IF(AND(ISNUMBER(SEARCH("Dinner",$C49)),$D49="Chinese"),RAND(),"") | O49: =IF(AND(ISNUMBER(SEARCH("Dinner",$C49)),$D49="Western"),RAND(),"")
A50: Boiled Soup | B50: Soup Pack | C50: Dinner | D50: Chinese | E50: Low | G50: =IF(AND(ISNUMBER(SEARCH("Breakfast",$C50)),$D50="Asian"),RAND(),"") | H50: =IF(AND(ISNUMBER(SEARCH("Breakfast",$C50)),$D50="Chinese"),RAND(),"") | I50: =IF(AND(ISNUMBER(SEARCH("Breakfast",$C50)),$D50="Western"),RAND(),"") | J50: =IF(AND(ISNUMBER(SEARCH("Lunch",$C50)),$D50="Asian"),RAND(),"") | K50: =IF(AND(ISNUMBER(SEARCH("Lunch",$C50)),$D50="Chinese"),RAND(),"") | L50: =IF(AND(ISNUMBER(SEARCH("Lunch",$C50)),$D50="Western"),RAND(),"") | M50: =IF(AND(ISNUMBER(SEARCH("Dinner",$C50)),$D50="Asian"),RAND(),"") | N50: =IF(AND(ISNUMBER(SEARCH("Dinner",$C50)),$D50="Chinese"),RAND(),"") | O50: =IF(AND(ISNUMBER(SEARCH("Dinner",$C50)),$D50="Western"),RAND(),"") | P50: TRUE
A51: Boiled Vege | B51: Lettuce, Oyster Sauce, White Pepper, Sesame Oil | C51: Dinner | D51: Chinese | E51: Med | F51: https://icook.tw/recipes/389003?utm_source=copy&utm_medium=sharev3&utm_campaign=recipe-share | G51: =IF(AND(ISNUMBER(SEARCH("Breakfast",$C51)),$D51="Asian"),RAND(),"") | H51: =IF(AND(ISNUMBER(SEARCH("Breakfast",$C51)),$D51="Chinese"),RAND(),"") | I51: =IF(AND(ISNUMBER(SEARCH("Breakfast",$C51)),$D51="Western"),RAND(),"") | J51: =IF(AND(ISNUMBER(SEARCH("Lunch",$C51)),$D51="Asian"),RAND(),"") | K51: =IF(AND(ISNUMBER(SEARCH("Lunch",$C51)),$D51="Chinese"),RAND(),"") | L51: =IF(AND(ISNUMBER(SEARCH("Lunch",$C51)),$D51="Western"),RAND(),"") | M51: =IF(AND(ISNUMBER(SEARCH("Dinner",$C51)),$D51="Asian"),RAND(),"") | N51: =IF(AND(ISNUMBER(SEARCH("Dinner",$C51)),$D51="Chinese"),RAND(),"") | O51: =IF(AND(ISNUMBER(SEARCH("Dinner",$C51)),$D51="Western"),RAND(),"")
A52: Braised Bitter Gourd | B52: White Bitter Gourd, Ginger, Soy Sauce, Black Bean, 冰糖, Chilli | C52: Dinner | D52: Chinese | E52: High | F52: https://icook.tw/recipes/197917?utm_source=copy&utm_medium=sharev3&utm_campaign=recipe-share | G52: =IF(AND(ISNUMBER(SEARCH("Breakfast",$C52)),$D52="Asian"),RAND(),"") | H52: =IF(AND(ISNUMBER(SEARCH("Breakfast",$C52)),$D52="Chinese"),RAND(),"") | I52: =IF(AND(ISNUMBER(SEARCH("Breakfast",$C52)),$D52="Western"),RAND(),"") | J52: =IF(AND(ISNUMBER(SEARCH("Lunch",$C52)),$D52="Asian"),RAND(),"") | K52: =IF(AND(ISNUMBER(SEARCH("Lunch",$C52)),$D52="Chinese"),RAND(),"") | L52: =IF(AND(ISNUMBER(SEARCH("Lunch",$C52)),$D52="Western"),RAND(),"") | M52: =IF(AND(ISNUMBER(SEARCH("Dinner",$C52)),$D52="Asian"),RAND(),"") | N52: =IF(AND(ISNUMBER(SEARCH("Dinner",$C52)),$D52="Chinese"),RAND(),"") | O52: =IF(AND(ISNUMBER(SEARCH("Dinner",$C52)),$D52="Western"),RAND(),"")
A53: Braised Fish | B53: fish, Red Onion, Garlic, Ginger, Coriander, Oyster Sauce, Light Soy Sauce, Fish Sauce, Sesame Oil | C53: Dinner | D53: Chinese | E53: Med | F53: https://kellycooks123.com/grandmas-braised-fish/ | G53: =IF(AND(ISNUMBER(SEARCH("Breakfast",$C53)),$D53="Asian"),RAND(),"") | H53: =IF(AND(ISNUMBER(SEARCH("Breakfast",$C53)),$D53="Chinese"),RAND(),"") | I53: =IF(AND(ISNUMBER(SEARCH("Breakfast",$C53)),$D53="Western"),RAND(),"") | J53: =IF(AND(ISNUMBER(SEARCH("Lunch",$C53)),$D53="Asian"),RAND(),"") | K53: =IF(AND(ISNUMBER(SEARCH("Lunch",$C53)),$D53="Chinese"),RAND(),"") | L53: =IF(AND(ISNUMBER(SEARCH("Lunch",$C53)),$D53="Western"),RAND(),"") | M53: =IF(AND(ISNUMBER(SEARCH("Dinner",$C53)),$D53="Asian"),RAND(),"") | N53: =IF(AND(ISNUMBER(SEARCH("Dinner",$C53)),$D53="Chinese"),RAND(),"") | O53: =IF(AND(ISNUMBER(SEARCH("Dinner",$C53)),$D53="Western"),RAND(),"")
A54: Braised Meat | B54: Pork Belly, Five Spice Tofu, White Radish, Eggs, Garlic, Ginger, Green Onion, Star Anise, Bay Leaves, Pig Stomach, Sea cucumber | C54: Dinner | D54: Chinese | E54: High | F54: https://www.instagram.com/tv/CXQ3FHdAkd9/?igshid=N2NmMDY0OWE%3D | G54: =IF(AND(ISNUMBER(SEARCH("Breakfast",$C54)),$D54="Asian"),RAND(),"") | H54: =IF(AND(ISNUMBER(SEARCH("Breakfast",$C54)),$D54="Chinese"),RAND(),"") | I54: =IF(AND(ISNUMBER(SEARCH("Breakfast",$C54)),$D54="Western"),RAND(),"") | J54: =IF(AND(ISNUMBER(SEARCH("Lunch",$C54)),$D54="Asian"),RAND(),"") | K54: =IF(AND(ISNUMBER(SEARCH("Lunch",$C54)),$D54="Chinese"),RAND(),"") | L54: =IF(AND(ISNUMBER(SEARCH("Lunch",$C54)),$D54="Western"),RAND(),"") | M54: =IF(AND(ISNUMBER(SEARCH("Dinner",$C54)),$D54="Asian"),RAND(),"") | N54: =IF(AND(ISNUMBER(SEARCH("Dinner",$C54)),$D54="Chinese"),RAND(),"") | O54: =IF(AND(ISNUMBER(SEARCH("Dinner",$C54)),$D54="Western"),RAND(),"")
A55: Braised Pork with plum | B55: Short ribs, flour, shaoxing wine, ginger, spring onion, soya sauce, sourplums, Sprite | C55: Dinner | D55: Chinese | E55: High | F55: https://www.instagram.com/reel/CuZJxV6utQO/?igshid=Y2I2MzMwZWM3ZA== | G55: =IF(AND(ISNUMBER(SEARCH("Breakfast",$C55)),$D55="Asian"),RAND(),"") | H55: =IF(AND(ISNUMBER(SEARCH("Breakfast",$C55)),$D55="Chinese"),RAND(),"") | I55: =IF(AND(ISNUMBER(SEARCH("Breakfast",$C55)),$D55="Western"),RAND(),"") | J55: =IF(AND(ISNUMBER(SEARCH("Lunch",$C55)),$D55="Asian"),RAND(),"") | K55: =IF(AND(ISNUMBER(SEARCH("Lunch",$C55)),$D55="Chinese"),RAND(),"") | L55: =IF(AND(ISNUMBER(SEARCH("Lunch",$C55)),$D55="Western"),RAND(),"") | M55: =IF(AND(ISNUMBER(SEARCH("Dinner",$C55)),$D55="Asian"),RAND(),"") | N55: =IF(AND(ISNUMBER(SEARCH("Dinner",$C55)),$D55="Chinese"),RAND(),"") | O55: =IF(AND(ISNUMBER(SEARCH("Dinner",$C55)),$D55="Western"),RAND(),"")
A56: Braised pumpkin with honey | B56: Pumpkin, Onion, Soy sauce, Garlic, Butter, Honey | C56: Dinner | D56: Chinese | E56: Med | F56: https://www.instagram.com/reel/DPjMTPmElwi/?igsh=a3RzZDRscm03dXV2 | G56: =IF(AND(ISNUMBER(SEARCH("Breakfast",$C56)),$D56="Asian"),RAND(),"") | H56: =IF(AND(ISNUMBER(SEARCH("Breakfast",$C56)),$D56="Chinese"),RAND(),"") | I56: =IF(AND(ISNUMBER(SEARCH("Breakfast",$C56)),$D56="Western"),RAND(),"") | J56: =IF(AND(ISNUMBER(SEARCH("Lunch",$C56)),$D56="Asian"),RAND(),"") | K56: =IF(AND(ISNUMBER(SEARCH("Lunch",$C56)),$D56="Chinese"),RAND(),"") | L56: =IF(AND(ISNUMBER(SEARCH("Lunch",$C56)),$D56="Western"),RAND(),"") | M56: =IF(AND(ISNUMBER(SEARCH("Dinner",$C56)),$D56="Asian"),RAND(),"") | N56: =IF(AND(ISNUMBER(SEARCH("Dinner",$C56)),$D56="Chinese"),RAND(),"") | O56: =IF(AND(ISNUMBER(SEARCH("Dinner",$C56)),$D56="Western"),RAND(),"")
A57: Bread | B57: Garlic, Olive Oil, Flour, Salt, Yeast | C57: Breakfast, Lunch | D57: Western | E57: Low | F57: https://www.instagram.com/reel/C58lXdlgEhw/?igsh=bnZyODJ4aWFwNXNx | G57: =IF(AND(ISNUMBER(SEARCH("Breakfast",$C57)),$D57="Asian"),RAND(),"") | H57: =IF(AND(ISNUMBER(SEARCH("Breakfast",$C57)),$D57="Chinese"),RAND(),"") | I57: =IF(AND(ISNUMBER(SEARCH("Breakfast",$C57)),$D57="Western"),RAND(),"") | J57: =IF(AND(ISNUMBER(SEARCH("Lunch",$C57)),$D57="Asian"),RAND(),"") | K57: =IF(AND(ISNUMBER(SEARCH("Lunch",$C57)),$D57="Chinese"),RAND(),"") | L57: =IF(AND(ISNUMBER(SEARCH("Lunch",$C57)),$D57="Western"),RAND(),"") | M57: =IF(AND(ISNUMBER(SEARCH("Dinner",$C57)),$D57="Asian"),RAND(),"") | N57: =IF(AND(ISNUMBER(SEARCH("Dinner",$C57)),$D57="Chinese"),RAND(),"") | O57: =IF(AND(ISNUMBER(SEARCH("Dinner",$C57)),$D57="Western"),RAND(),"")
A58: Broccoli | B58: Scallops, Abalone Sauce, Oyster Sauce, Soy Sauce, Hua Tiao Wine, Sugar, Corn Starch | C58: Dinner | D58: Chinese | E58: High | F58: https://youtu.be/JpU_F1oFeyw | G58: =IF(AND(ISNUMBER(SEARCH("Breakfast",$C58)),$D58="Asian"),RAND(),"") | H58: =IF(AND(ISNUMBER(SEARCH("Breakfast",$C58)),$D58="Chinese"),RAND(),"") | I58: =IF(AND(ISNUMBER(SEARCH("Breakfast",$C58)),$D58="Western"),RAND(),"") | J58: =IF(AND(ISNUMBER(SEARCH("Lunch",$C58)),$D58="Asian"),RAND(),"") | K58: =IF(AND(ISNUMBER(SEARCH("Lunch",$C58)),$D58="Chinese"),RAND(),"") | L58: =IF(AND(ISNUMBER(SEARCH("Lunch",$C58)),$D58="Western"),RAND(),"") | M58: =IF(AND(ISNUMBER(SEARCH("Dinner",$C58)),$D58="Asian"),RAND(),"") | N58: =IF(AND(ISNUMBER(SEARCH("Dinner",$C58)),$D58="Chinese"),RAND(),"") | O58: =IF(AND(ISNUMBER(SEARCH("Dinner",$C58)),$D58="Western"),RAND(),"")
A59: Broccoli Salad | B59: Brocoli, Egg, Sesame Seed, Yoghurt, Honey, mayo, Salt, Pepper | C59: Dinner | D59: Western | E59: Med | F59: https://www.instagram.com/reel/DQba16Sga19/?igsh=OW01ajR1Mnd1bWRo | G59: =IF(AND(ISNUMBER(SEARCH("Breakfast",$C59)),$D59="Asian"),RAND(),"") | H59: =IF(AND(ISNUMBER(SEARCH("Breakfast",$C59)),$D59="Chinese"),RAND(),"") | I59: =IF(AND(ISNUMBER(SEARCH("Breakfast",$C59)),$D59="Western"),RAND(),"") | J59: =IF(AND(ISNUMBER(SEARCH("Lunch",$C59)),$D59="Asian"),RAND(),"") | K59: =IF(AND(ISNUMBER(SEARCH("Lunch",$C59)),$D59="Chinese"),RAND(),"") | L59: =IF(AND(ISNUMBER(SEARCH("Lunch",$C59)),$D59="Western"),RAND(),"") | M59: =IF(AND(ISNUMBER(SEARCH("Dinner",$C59)),$D59="Asian"),RAND(),"") | N59: =IF(AND(ISNUMBER(SEARCH("Dinner",$C59)),$D59="Chinese"),RAND(),"") | O59: =IF(AND(ISNUMBER(SEARCH("Dinner",$C59)),$D59="Western"),RAND(),"")
A60: Brownies | B60: Flour, Tapioca Glour, Sugar, Butter, Eggs, Vanilla Extract, Chocolate, Baking Powder, Salt | C60: Lunch | D60: Western | E60: Med | F60: https://somethingnutritiousblog.com/gluten-free-brown-butter-chocolate-chip-cookies/ | G60: =IF(AND(ISNUMBER(SEARCH("Breakfast",$C60)),$D60="Asian"),RAND(),"") | H60: =IF(AND(ISNUMBER(SEARCH("Breakfast",$C60)),$D60="Chinese"),RAND(),"") | I60: =IF(AND(ISNUMBER(SEARCH("Breakfast",$C60)),$D60="Western"),RAND(),"") | J60: =IF(AND(ISNUMBER(SEARCH("Lunch",$C60)),$D60="Asian"),RAND(),"") | K60: =IF(AND(ISNUMBER(SEARCH("Lunch",$C60)),$D60="Chinese"),RAND(),"") | L60: =IF(AND(ISNUMBER(SEARCH("Lunch",$C60)),$D60="Western"),RAND(),"") | M60: =IF(AND(ISNUMBER(SEARCH("Dinner",$C60)),$D60="Asian"),RAND(),"") | N60: =IF(AND(ISNUMBER(SEARCH("Dinner",$C60)),$D60="Chinese"),RAND(),"") | O60: =IF(AND(ISNUMBER(SEARCH("Dinner",$C60)),$D60="Western"),RAND(),"")
A61: Butter Garlic Prawns | B61: Prawns, Butter, Garlic, Black Pepper | C61: Dinner | D61: Chinese | E61: Low | F61: https://www.instagram.com/reel/DQ8FlEikooC/?igsh=MXNtN3l3b3MxNXo4Yg== | G61: =IF(AND(ISNUMBER(SEARCH("Breakfast",$C61)),$D61="Asian"),RAND(),"") | H61: =IF(AND(ISNUMBER(SEARCH("Breakfast",$C61)),$D61="Chinese"),RAND(),"") | I61: =IF(AND(ISNUMBER(SEARCH("Breakfast",$C61)),$D61="Western"),RAND(),"") | J61: =IF(AND(ISNUMBER(SEARCH("Lunch",$C61)),$D61="Asian"),RAND(),"") | K61: =IF(AND(ISNUMBER(SEARCH("Lunch",$C61)),$D61="Chinese"),RAND(),"") | L61: =IF(AND(ISNUMBER(SEARCH("Lunch",$C61)),$D61="Western"),RAND(),"") | M61: =IF(AND(ISNUMBER(SEARCH("Dinner",$C61)),$D61="Asian"),RAND(),"") | N61: =IF(AND(ISNUMBER(SEARCH("Dinner",$C61)),$D61="Chinese"),RAND(),"") | O61: =IF(AND(ISNUMBER(SEARCH("Dinner",$C61)),$D61="Western"),RAND(),"")
A62: Butter Tofu | B62: Hard Tofu, Tomato, Onion, Garlic, Cashews, Ground Cumin, Ground Coriander, Graham Masala, Cooking Cream, butter | C62: Dinner | D62: Asian | E62: Low | F62: https://www.instagram.com/reel/C3YB-rSK_ax/?igsh=bHA4NXQ4b2Iya2pm | G62: =IF(AND(ISNUMBER(SEARCH("Breakfast",$C62)),$D62="Asian"),RAND(),"") | H62: =IF(AND(ISNUMBER(SEARCH("Breakfast",$C62)),$D62="Chinese"),RAND(),"") | I62: =IF(AND(ISNUMBER(SEARCH("Breakfast",$C62)),$D62="Western"),RAND(),"") | J62: =IF(AND(ISNUMBER(SEARCH("Lunch",$C62)),$D62="Asian"),RAND(),"") | K62: =IF(AND(ISNUMBER(SEARCH("Lunch",$C62)),$D62="Chinese"),RAND(),"") | L62: =IF(AND(ISNUMBER(SEARCH("Lunch",$C62)),$D62="Western"),RAND(),"") | M62: =IF(AND(ISNUMBER(SEARCH("Dinner",$C62)),$D62="Asian"),RAND(),"") | N62: =IF(AND(ISNUMBER(SEARCH("Dinner",$C62)),$D62="Chinese"),RAND(),"") | O62: =IF(AND(ISNUMBER(SEARCH("Dinner",$C62)),$D62="Western"),RAND(),"")
... A64: Cabbage Pork | B64: Cabbage, Enoki Mushroom, Pork Slices, Soy Sauce, Vinegar | C64: Dinner | D64: Asian | E64: Low | F64: https://www.instagram.com/reel/C7HIkeNh1jT/?igsh=bW1lMWVpaGhqcHli | G64: =IF(AND(ISNUMBER(SEARCH("Breakfast",$C64)),$D64="Asian"),RAND(),"") | H64: =IF(AND(ISNUMBER(SEARCH("Breakfast",$C64)),$D64="Chinese"),RAND(),"") | I64: =IF(AND(ISNUMBER(SEARCH("Breakfast",$C64)),$D64="Western"),RAND(),"") | J64: =IF(AND(ISNUMBER(SEARCH("Lunch",$C64)),$D64="Asian"),RAND(),"") | K64: =IF(AND(ISNUMBER(SEARCH("Lunch",$C64)),$D64="Chinese"),RAND(),"") | L64: =IF(AND(ISNUMBER(SEARCH("Lunch",$C64)),$D64="Western"),RAND(),"") | M64: =IF(AND(ISNUMBER(SEARCH("Dinner",$C64)),$D64="Asian"),RAND(),"") | N64: =IF(AND(ISNUMBER(SEARCH("Dinner",$C64)),$D64="Chinese"),RAND(),"") | O64: =IF(AND(ISNUMBER(SEARCH("Dinner",$C64)),$D64="Western"),RAND(),"")
A65: Cabbage Soup | B65: Wawacai, Ginger, Goji berry | C65: Dinner | D65: Chinese | E65: High | G65: =IF(AND(ISNUMBER(SEARCH("Breakfast",$C65)),$D65="Asian"),RAND(),"") | H65: =IF(AND(ISNUMBER(SEARCH("Breakfast",$C65)),$D65="Chinese"),RAND(),"") | I65: =IF(AND(ISNUMBER(SEARCH("Breakfast",$C65)),$D65="Western"),RAND(),"") | J65: =IF(AND(ISNUMBER(SEARCH("Lunch",$C65)),$D65="Asian"),RAND(),"") | K65: =IF(AND(ISNUMBER(SEARCH("Lunch",$C65)),$D65="Chinese"),RAND(),"") | L65: =IF(AND(ISNUMBER(SEARCH("Lunch",$C65)),$D65="Western"),RAND(),"") | M65: =IF(AND(ISNUMBER(SEARCH("Dinner",$C65)),$D65="Asian"),RAND(),"") | N65: =IF(AND(ISNUMBER(SEARCH("Dinner",$C65)),$D65="Chinese"),RAND(),"") | O65: =IF(AND(ISNUMBER(SEARCH("Dinner",$C65)),$D65="Western"),RAND(),"") | P65: TRUE
A66: Cabbage Steak | B66: Cabbage, Olive Oil, Paprika | C66: Dinner | D66: Western | E66: Med | F66: https://www.instagram.com/reel/Cp9lfkrsEId/?igshid=MzRlODBiNWFlZA== | G66: =IF(AND(ISNUMBER(SEARCH("Breakfast",$C66)),$D66="Asian"),RAND(),"") | H66: =IF(AND(ISNUMBER(SEARCH("Breakfast",$C66)),$D66="Chinese"),RAND(),"") | I66: =IF(AND(ISNUMBER(SEARCH("Breakfast",$C66)),$D66="Western"),RAND(),"") | J66: =IF(AND(ISNUMBER(SEARCH("Lunch",$C66)),$D66="Asian"),RAND(),"") | K66: =IF(AND(ISNUMBER(SEARCH("Lunch",$C66)),$D66="Chinese"),RAND(),"") | L66: =IF(AND(ISNUMBER(SEARCH("Lunch",$C66)),$D66="Western"),RAND(),"") | M66: =IF(AND(ISNUMBER(SEARCH("Dinner",$C66)),$D66="Asian"),RAND(),"") | N66: =IF(AND(ISNUMBER(SEARCH("Dinner",$C66)),$D66="Chinese"),RAND(),"") | O66: =IF(AND(ISNUMBER(SEARCH("Dinner",$C66)),$D66="Western"),RAND(),"")
A67: Cai Xin | B67: — | C67: Dinner | D67: Chinese | E67: Low | G67: =IF(AND(ISNUMBER(SEARCH("Breakfast",$C67)),$D67="Asian"),RAND(),"") | H67: =IF(AND(ISNUMBER(SEARCH("Breakfast",$C67)),$D67="Chinese"),RAND(),"") | I67: =IF(AND(ISNUMBER(SEARCH("Breakfast",$C67)),$D67="Western"),RAND(),"") | J67: =IF(AND(ISNUMBER(SEARCH("Lunch",$C67)),$D67="Asian"),RAND(),"") | K67: =IF(AND(ISNUMBER(SEARCH("Lunch",$C67)),$D67="Chinese"),RAND(),"") | L67: =IF(AND(ISNUMBER(SEARCH("Lunch",$C67)),$D67="Western"),RAND(),"") | M67: =IF(AND(ISNUMBER(SEARCH("Dinner",$C67)),$D67="Asian"),RAND(),"") | N67: =IF(AND(ISNUMBER(SEARCH("Dinner",$C67)),$D67="Chinese"),RAND(),"") | O67: =IF(AND(ISNUMBER(SEARCH("Dinner",$C67)),$D67="Western"),RAND(),"")
A68: Caipoh Kway Teoh | B68: Baby Kai lan, Kway Teow, Fish Sauce, Black Pepper, Soy Sauce, Cai Poh | C68: Lunch | D68: Chinese | E68: Med | F68: https://www.instagram.com/reel/DHH6Tv1yt_3/?igsh=MWZ2eWxoaWFuZzk1YQ== | G68: =IF(AND(ISNUMBER(SEARCH("Breakfast",$C68)),$D68="Asian"),RAND(),"") | H68: =IF(AND(ISNUMBER(SEARCH("Breakfast",$C68)),$D68="Chinese"),RAND(),"") | I68: =IF(AND(ISNUMBER(SEARCH("Breakfast",$C68)),$D68="Western"),RAND(),"") | J68: =IF(AND(ISNUMBER(SEARCH("Lunch",$C68)),$D68="Asian"),RAND(),"") | K68: =IF(AND(ISNUMBER(SEARCH("Lunch",$C68)),$D68="Chinese"),RAND(),"") | L68: =IF(AND(ISNUMBER(SEARCH("Lunch",$C68)),$D68="Western"),RAND(),"") | M68: =IF(AND(ISNUMBER(SEARCH("Dinner",$C68)),$D68="Asian"),RAND(),"") | N68: =IF(AND(ISNUMBER(SEARCH("Dinner",$C68)),$D68="Chinese"),RAND(),"") | O68: =IF(AND(ISNUMBER(SEARCH("Dinner",$C68)),$D68="Western"),RAND(),"")
A69: Caldo Verde | B69: Chorizo, Onion, Garlic, Potatoes, Chicken Stock, Kale | C69: Dinner | D69: Western | E69: Low | F69: https://leitesculinaria.com/7580/recipes-portuguese-kale-soup-caldo-verde.html | G69: =IF(AND(ISNUMBER(SEARCH("Breakfast",$C69)),$D69="Asian"),RAND(),"") | H69: =IF(AND(ISNUMBER(SEARCH("Breakfast",$C69)),$D69="Chinese"),RAND(),"") | I69: =IF(AND(ISNUMBER(SEARCH("Breakfast",$C69)),$D69="Western"),RAND(),"") | J69: =IF(AND(ISNUMBER(SEARCH("Lunch",$C69)),$D69="Asian"),RAND(),"") | K69: =IF(AND(ISNUMBER(SEARCH("Lunch",$C69)),$D69="Chinese"),RAND(),"") | L69: =IF(AND(ISNUMBER(SEARCH("Lunch",$C69)),$D69="Western"),RAND(),"") | M69: =IF(AND(ISNUMBER(SEARCH("Dinner",$C69)),$D69="Asian"),RAND(),"") | N69: =IF(AND(ISNUMBER(SEARCH("Dinner",$C69)),$D69="Chinese"),RAND(),"") | O69: =IF(AND(ISNUMBER(SEARCH("Dinner",$C69)),$D69="Western"),RAND(),"")
A70: Campbell Soup | B70: — | C70: Dinner, Lunch | D70: Western | E70: Low | G70: =IF(AND(ISNUMBER(SEARCH("Breakfast",$C70)),$D70="Asian"),RAND(),"") | H70: =IF(AND(ISNUMBER(SEARCH("Breakfast",$C70)),$D70="Chinese"),RAND(),"") | I70: =IF(AND(ISNUMBER(SEARCH("Breakfast",$C70)),$D70="Western"),RAND(),"") | J70: =IF(AND(ISNUMBER(SEARCH("Lunch",$C70)),$D70="Asian"),RAND(),"") | K70: =IF(AND(ISNUMBER(SEARCH("Lunch",$C70)),$D70="Chinese"),RAND(),"") | L70: =IF(AND(ISNUMBER(SEARCH("Lunch",$C70)),$D70="Western"),RAND(),"") | M70: =IF(AND(ISNUMBER(SEARCH("Dinner",$C70)),$D70="Asian"),RAND(),"") | N70: =IF(AND(ISNUMBER(SEARCH("Dinner",$C70)),$D70="Chinese"),RAND(),"") | O70: =IF(AND(ISNUMBER(SEARCH("Dinner",$C70)),$D70="Western"),RAND(),"") | P70: TRUE
A71: Cantonese Steam Fish | B71: Fish, Scallions, Ginger, Soy Sauce, Sugar, Chicken Powder, Oil | C71: Dinner | D71: Chinese | E71: Low | F71: https://www.instagram.com/reel/DF9HWbIsEe5/?igsh=MWtrMnh6Z3o1dDkwdw== | G71: =IF(AND(ISNUMBER(SEARCH("Breakfast",$C71)),$D71="Asian"),RAND(),"") | H71: =IF(AND(ISNUMBER(SEARCH("Breakfast",$C71)),$D71="Chinese"),RAND(),"") | I71: =IF(AND(ISNUMBER(SEARCH("Breakfast",$C71)),$D71="Western"),RAND(),"") | J71: =IF(AND(ISNUMBER(SEARCH("Lunch",$C71)),$D71="Asian"),RAND(),"") | K71: =IF(AND(ISNUMBER(SEARCH("Lunch",$C71)),$D71="Chinese"),RAND(),"") | L71: =IF(AND(ISNUMBER(SEARCH("Lunch",$C71)),$D71="Western"),RAND(),"") | M71: =IF(AND(ISNUMBER(SEARCH("Dinner",$C71)),$D71="Asian"),RAND(),"") | N71: =IF(AND(ISNUMBER(SEARCH("Dinner",$C71)),$D71="Chinese"),RAND(),"") | O71: =IF(AND(ISNUMBER(SEARCH("Dinner",$C71)),$D71="Western"),RAND(),"")
A72: carrot | B72: onion, garlic, minced pork, rosemary, diced tomatos, 白腰豆罐头, chicken broth, cauliflower, cheese | C72: Dinner | D72: Chinese | E72: Med | F72: https://youtu.be/zCOS3d3leuA | G72: =IF(AND(ISNUMBER(SEARCH("Breakfast",$C72)),$D72="Asian"),RAND(),"") | H72: =IF(AND(ISNUMBER(SEARCH("Breakfast",$C72)),$D72="Chinese"),RAND(),"") | I72: =IF(AND(ISNUMBER(SEARCH("Breakfast",$C72)),$D72="Western"),RAND(),"") | J72: =IF(AND(ISNUMBER(SEARCH("Lunch",$C72)),$D72="Asian"),RAND(),"") | K72: =IF(AND(ISNUMBER(SEARCH("Lunch",$C72)),$D72="Chinese"),RAND(),"") | L72: =IF(AND(ISNUMBER(SEARCH("Lunch",$C72)),$D72="Western"),RAND(),"") | M72: =IF(AND(ISNUMBER(SEARCH("Dinner",$C72)),$D72="Asian"),RAND(),"") | N72: =IF(AND(ISNUMBER(SEARCH("Dinner",$C72)),$D72="Chinese"),RAND(),"") | O72: =IF(AND(ISNUMBER(SEARCH("Dinner",$C72)),$D72="Western"),RAND(),"")
A73: Carrot Miso Soup | B73: Carrots, Onion, Garlic, Ginger, Chilli, Coconut oil, Vegetable Stock, Miso paste, Lime, Coconut milk | C73: Dinner | D73: Asian | E73: Med | G73: =IF(AND(ISNUMBER(SEARCH("Breakfast",$C73)),$D73="Asian"),RAND(),"") | H73: =IF(AND(ISNUMBER(SEARCH("Breakfast",$C73)),$D73="Chinese"),RAND(),"") | I73: =IF(AND(ISNUMBER(SEARCH("Breakfast",$C73)),$D73="Western"),RAND(),"") | J73: =IF(AND(ISNUMBER(SEARCH("Lunch",$C73)),$D73="Asian"),RAND(),"") | K73: =IF(AND(ISNUMBER(SEARCH("Lunch",$C73)),$D73="Chinese"),RAND(),"") | L73: =IF(AND(ISNUMBER(SEARCH("Lunch",$C73)),$D73="Western"),RAND(),"") | M73: =IF(AND(ISNUMBER(SEARCH("Dinner",$C73)),$D73="Asian"),RAND(),"") | N73: =IF(AND(ISNUMBER(SEARCH("Dinner",$C73)),$D73="Chinese"),RAND(),"") | O73: =IF(AND(ISNUMBER(SEARCH("Dinner",$C73)),$D73="Western"),RAND(),"") | P73: TRUE
A74: Carrot/Corn/Meat Soup | B74: Corn, Carrot, Spare Ribs, Ginger, Cooking Wine, White Vinegar | C74: Dinner | D74: Chinese | E74: Low | F74: https://youtu.be/ufGt-xHKHF4 | G74: =IF(AND(ISNUMBER(SEARCH("Breakfast",$C74)),$D74="Asian"),RAND(),"") | H74: =IF(AND(ISNUMBER(SEARCH("Breakfast",$C74)),$D74="Chinese"),RAND(),"") | I74: =IF(AND(ISNUMBER(SEARCH("Breakfast",$C74)),$D74="Western"),RAND(),"") | J74: =IF(AND(ISNUMBER(SEARCH("Lunch",$C74)),$D74="Asian"),RAND(),"") | K74: =IF(AND(ISNUMBER(SEARCH("Lunch",$C74)),$D74="Chinese"),RAND(),"") | L74: =IF(AND(ISNUMBER(SEARCH("Lunch",$C74)),$D74="Western"),RAND(),"") | M74: =IF(AND(ISNUMBER(SEARCH("Dinner",$C74)),$D74="Asian"),RAND(),"") | N74: =IF(AND(ISNUMBER(SEARCH("Dinner",$C74)),$D74="Chinese"),RAND(),"") | O74: =IF(AND(ISNUMBER(SEARCH("Dinner",$C74)),$D74="Western"),RAND(),"") | P74: TRUE
A75: Cereal prawns | B75: Prawns, Cereal Packet | C75: Dinner | D75: Chinese | E75: Low | G75: =IF(AND(ISNUMBER(SEARCH("Breakfast",$C75)),$D75="Asian"),RAND(),"") | H75: =IF(AND(ISNUMBER(SEARCH("Breakfast",$C75)),$D75="Chinese"),RAND(),"") | I75: =IF(AND(ISNUMBER(SEARCH("Breakfast",$C75)),$D75="Western"),RAND(),"") | J75: =IF(AND(ISNUMBER(SEARCH("Lunch",$C75)),$D75="Asian"),RAND(),"") | K75: =IF(AND(ISNUMBER(SEARCH("Lunch",$C75)),$D75="Chinese"),RAND(),"") | L75: =IF(AND(ISNUMBER(SEARCH("Lunch",$C75)),$D75="Western"),RAND(),"") | M75: =IF(AND(ISNUMBER(SEARCH("Dinner",$C75)),$D75="Asian"),RAND(),"") | N75: =IF(AND(ISNUMBER(SEARCH("Dinner",$C75)),$D75="Chinese"),RAND(),"") | O75: =IF(AND(ISNUMBER(SEARCH("Dinner",$C75)),$D75="Western"),RAND(),"")
A76: Cheese Omelete | B76: Spinach, Tofu, Egg, White Pepper, Cheese, Prawns | C76: Lunch | D76: Western | E76: Low | F76: https://www.instagram.com/reel/DHLTjALzK__/?utm_source=ig_web_copy_link | G76: =IF(AND(ISNUMBER(SEARCH("Breakfast",$C76)),$D76="Asian"),RAND(),"") | H76: =IF(AND(ISNUMBER(SEARCH("Breakfast",$C76)),$D76="Chinese"),RAND(),"") | I76: =IF(AND(ISNUMBER(SEARCH("Breakfast",$C76)),$D76="Western"),RAND(),"") | J76: =IF(AND(ISNUMBER(SEARCH("Lunch",$C76)),$D76="Asian"),RAND(),"") | K76: =IF(AND(ISNUMBER(SEARCH("Lunch",$C76)),$D76="Chinese"),RAND(),"") | L76: =IF(AND(ISNUMBER(SEARCH("Lunch",$C76)),$D76="Western"),RAND(),"") | M76: =IF(AND(ISNUMBER(SEARCH("Dinner",$C76)),$D76="Asian"),RAND(),"") | N76: =IF(AND(ISNUMBER(SEARCH("Dinner",$C76)),$D76="Chinese"),RAND(),"") | O76: =IF(AND(ISNUMBER(SEARCH("Dinner",$C76)),$D76="Western"),RAND(),"")
A77: Cheesy Cauliflower | B77: Cauliflower, Butter, Garlic, Flour, Milk, Paprika, Cheddar Cheese, Parmasean Cheese | C77: Dinner | D77: Western | E77: Low | F77: https://youtu.be/7DoO4a_-Zmo | G77: =IF(AND(ISNUMBER(SEARCH("Breakfast",$C77)),$D77="Asian"),RAND(),"") | H77: =IF(AND(ISNUMBER(SEARCH("Breakfast",$C77)),$D77="Chinese"),RAND(),"") | I77: =IF(AND(ISNUMBER(SEARCH("Breakfast",$C77)),$D77="Western"),RAND(),"") | J77: =IF(AND(ISNUMBER(SEARCH("Lunch",$C77)),$D77="Asian"),RAND(),"") | K77: =IF(AND(ISNUMBER(SEARCH("Lunch",$C77)),$D77="Chinese"),RAND(),"") | L77: =IF(AND(ISNUMBER(SEARCH("Lunch",$C77)),$D77="Western"),RAND(),"") | M77: =IF(AND(ISNUMBER(SEARCH("Dinner",$C77)),$D77="Asian"),RAND(),"") | N77: =IF(AND(ISNUMBER(SEARCH("Dinner",$C77)),$D77="Chinese"),RAND(),"") | O77: =IF(AND(ISNUMBER(SEARCH("Dinner",$C77)),$D77="Western"),RAND(),"")
A78: Chestnut Porridge | B78: Sweet rice flour, Milk, Chestnuts | C78: Lunch | D78: Chinese | E78: Low | F78: https://youtu.be/VP1dR43QulE?si=jA7Tc6AV6ANY6aTE | G78: =IF(AND(ISNUMBER(SEARCH("Breakfast",$C78)),$D78="Asian"),RAND(),"") | H78: =IF(AND(ISNUMBER(SEARCH("Breakfast",$C78)),$D78="Chinese"),RAND(),"") | I78: =IF(AND(ISNUMBER(SEARCH("Breakfast",$C78)),$D78="Western"),RAND(),"") | J78: =IF(AND(ISNUMBER(SEARCH("Lunch",$C78)),$D78="Asian"),RAND(),"") | K78: =IF(AND(ISNUMBER(SEARCH("Lunch",$C78)),$D78="Chinese"),RAND(),"") | L78: =IF(AND(ISNUMBER(SEARCH("Lunch",$C78)),$D78="Western"),RAND(),"") | M78: =IF(AND(ISNUMBER(SEARCH("Dinner",$C78)),$D78="Asian"),RAND(),"") | N78: =IF(AND(ISNUMBER(SEARCH("Dinner",$C78)),$D78="Chinese"),RAND(),"") | O78: =IF(AND(ISNUMBER(SEARCH("Dinner",$C78)),$D78="Western"),RAND(),"")
A79: Chia Seed Pudding | B79: Oats, Chia Seed, Vanilla Essence, Milk, Figs, Blueberry, Kiwi, Plum | C79: Breakfast | D79: Western | E79: Low | G79: =IF(AND(ISNUMBER(SEARCH("Breakfast",$C79)),$D79="Asian"),RAND(),"") | H79: =IF(AND(ISNUMBER(SEARCH("Breakfast",$C79)),$D79="Chinese"),RAND(),"") | I79: =IF(AND(ISNUMBER(SEARCH("Breakfast",$C79)),$D79="Western"),RAND(),"") | J79: =IF(AND(ISNUMBER(SEARCH("Lunch",$C79)),$D79="Asian"),RAND(),"") | K79: =IF(AND(ISNUMBER(SEARCH("Lunch",$C79)),$D79="Chinese"),RAND(),"") | L79: =IF(AND(ISNUMBER(SEARCH("Lunch",$C79)),$D79="Western"),RAND(),"") | M79: =IF(AND(ISNUMBER(SEARCH("Dinner",$C79)),$D79="Asian"),RAND(),"") | N79: =IF(AND(ISNUMBER(SEARCH("Dinner",$C79)),$D79="Chinese"),RAND(),"") | O79: =IF(AND(ISNUMBER(SEARCH("Dinner",$C79)),$D79="Western"),RAND(),"")
A80: Chicken & Mushroom Pie | B80: Butter, Small Onion, Garlic, Plain Flour, Chicken Stock, Double Cream, Chicken Breast, Button Mushrooms, Oregano, Tarragon, Onion Powder, Nutmeg, Chilli Flakes, Black Pepper, Salt | C80: Dinner, Lunch | D80: Western | E80: Low | F80: https://www.instagram.com/reel/DDfNMyfIm_R/?utm_source=ig_web_copy_link | G80: =IF(AND(ISNUMBER(SEARCH("Breakfast",$C80)),$D80="Asian"),RAND(),"") | H80: =IF(AND(ISNUMBER(SEARCH("Breakfast",$C80)),$D80="Chinese"),RAND(),"") | I80: =IF(AND(ISNUMBER(SEARCH("Breakfast",$C80)),$D80="Western"),RAND(),"") | J80: =IF(AND(ISNUMBER(SEARCH("Lunch",$C80)),$D80="Asian"),RAND(),"") | K80: =IF(AND(ISNUMBER(SEARCH("Lunch",$C80)),$D80="Chinese"),RAND(),"") | L80: =IF(AND(ISNUMBER(SEARCH("Lunch",$C80)),$D80="Western"),RAND(),"") | M80: =IF(AND(ISNUMBER(SEARCH("Dinner",$C80)),$D80="Asian"),RAND(),"") | N80: =IF(AND(ISNUMBER(SEARCH("Dinner",$C80)),$D80="Chinese"),RAND(),"") | O80: =IF(AND(ISNUMBER(SEARCH("Dinner",$C80)),$D80="Western"),RAND(),"")
A81: Chicken Cacciatore | B81: Chicken Thigh, Yellow Onion, Celery, Red Bell Pepper, Green Bell Pepper, White Mushroom, Garlic, Oregano, Thyme, Coriander, Red Pepper Flakes, Red Wine, Crushed Tomato | C81: Dinner | D81: Western | E81: Med | F81: https://youtu.be/FatykmyFaqM | G81: =IF(AND(ISNUMBER(SEARCH("Breakfast",$C81)),$D81="Asian"),RAND(),"") | H81: =IF(AND(ISNUMBER(SEARCH("Breakfast",$C81)),$D81="Chinese"),RAND(),"") | I81: =IF(AND(ISNUMBER(SEARCH("Breakfast",$C81)),$D81="Western"),RAND(),"") | J81: =IF(AND(ISNUMBER(SEARCH("Lunch",$C81)),$D81="Asian"),RAND(),"") | K81: =IF(AND(ISNUMBER(SEARCH("Lunch",$C81)),$D81="Chinese"),RAND(),"") | L81: =IF(AND(ISNUMBER(SEARCH("Lunch",$C81)),$D81="Western"),RAND(),"") | M81: =IF(AND(ISNUMBER(SEARCH("Dinner",$C81)),$D81="Asian"),RAND(),"") | N81: =IF(AND(ISNUMBER(SEARCH("Dinner",$C81)),$D81="Chinese"),RAND(),"") | O81: =IF(AND(ISNUMBER(SEARCH("Dinner",$C81)),$D81="Western"),RAND(),"")
A82: Chicken couscous | B82: Olive Oil, Red wine vinegar, Ketchup, Garlic, Ground Cinnamon, Ginger, Chicken Thigh, Carrots, Celery, Red Onion, Couscous, Parsley, Tumeric, Cumin, Paprika | C82: Lunch | D82: Western | E82: Med | F82: https://www.themediterraneandish.com/chicken-couscous/ | G82: =IF(AND(ISNUMBER(SEARCH("Breakfast",$C82)),$D82="Asian"),RAND(),"") | H82: =IF(AND(ISNUMBER(SEARCH("Breakfast",$C82)),$D82="Chinese"),RAND(),"") | I82: =IF(AND(ISNUMBER(SEARCH("Breakfast",$C82)),$D82="Western"),RAND(),"") | J82: =IF(AND(ISNUMBER(SEARCH("Lunch",$C82)),$D82="Asian"),RAND(),"") | K82: =IF(AND(ISNUMBER(SEARCH("Lunch",$C82)),$D82="Chinese"),RAND(),"") | L82: =IF(AND(ISNUMBER(SEARCH("Lunch",$C82)),$D82="Western"),RAND(),"") | M82: =IF(AND(ISNUMBER(SEARCH("Dinner",$C82)),$D82="Asian"),RAND(),"") | N82: =IF(AND(ISNUMBER(SEARCH("Dinner",$C82)),$D82="Chinese"),RAND(),"") | O82: =IF(AND(ISNUMBER(SEARCH("Dinner",$C82)),$D82="Western"),RAND(),"")
A83: Chicken Fajitas | B83: Chilli Powder, Cumin, Garlic Powder, Paprika, Oregano, Salt, Black Pepper, Chicken Thigh, Bell Peppers, Onion, Lime | C83: Dinner | D83: Western | E83: Low | F83: https://youtu.be/VSmCWKLHWxk | G83: =IF(AND(ISNUMBER(SEARCH("Breakfast",$C83)),$D83="Asian"),RAND(),"") | H83: =IF(AND(ISNUMBER(SEARCH("Breakfast",$C83)),$D83="Chinese"),RAND(),"") | I83: =IF(AND(ISNUMBER(SEARCH("Breakfast",$C83)),$D83="Western"),RAND(),"") | J83: =IF(AND(ISNUMBER(SEARCH("Lunch",$C83)),$D83="Asian"),RAND(),"") | K83: =IF(AND(ISNUMBER(SEARCH("Lunch",$C83)),$D83="Chinese"),RAND(),"") | L83: =IF(AND(ISNUMBER(SEARCH("Lunch",$C83)),$D83="Western"),RAND(),"") | M83: =IF(AND(ISNUMBER(SEARCH("Dinner",$C83)),$D83="Asian"),RAND(),"") | N83: =IF(AND(ISNUMBER(SEARCH("Dinner",$C83)),$D83="Chinese"),RAND(),"") | O83: =IF(AND(ISNUMBER(SEARCH("Dinner",$C83)),$D83="Western"),RAND(),"")
A84: Chicken Grape Soup | B84: Chicken Thigh, Ginger, Rice Wine, Grape | C84: Dinner | D84: Asian | E84: Low | F84: https://www.instagram.com/reel/DI8pi88T8I3/?igsh=M2pzdHQ2YWRwa3B5 | G84: =IF(AND(ISNUMBER(SEARCH("Breakfast",$C84)),$D84="Asian"),RAND(),"") | H84: =IF(AND(ISNUMBER(SEARCH("Breakfast",$C84)),$D84="Chinese"),RAND(),"") | I84: =IF(AND(ISNUMBER(SEARCH("Breakfast",$C84)),$D84="Western"),RAND(),"") | J84: =IF(AND(ISNUMBER(SEARCH("Lunch",$C84)),$D84="Asian"),RAND(),"") | K84: =IF(AND(ISNUMBER(SEARCH("Lunch",$C84)),$D84="Chinese"),RAND(),"") | L84: =IF(AND(ISNUMBER(SEARCH("Lunch",$C84)),$D84="Western"),RAND(),"") | M84: =IF(AND(ISNUMBER(SEARCH("Dinner",$C84)),$D84="Asian"),RAND(),"") | N84: =IF(AND(ISNUMBER(SEARCH("Dinner",$C84)),$D84="Chinese"),RAND(),"") | O84: =IF(AND(ISNUMBER(SEARCH("Dinner",$C84)),$D84="Western"),RAND(),"") | P84: TRUE
A85: Chicken Macaroni Soup | B85: Chicken Broth, Chicken Breast, Canned Mushrooms, Choy Sum, Fish Ball, Macaroni, Button Mushroom, Mushroom | C85: Breakfast, Lunch | D85: Western | E85: Low | F85: https://www.instagram.com/p/CURhMMVPjAC/?igshid=N2NmMDY0OWE%3D | G85: =IF(AND(ISNUMBER(SEARCH("Breakfast",$C85)),$D85="Asian"),RAND(),"") | H85: =IF(AND(ISNUMBER(SEARCH("Breakfast",$C85)),$D85="Chinese"),RAND(),"") | I85: =IF(AND(ISNUMBER(SEARCH("Breakfast",$C85)),$D85="Western"),RAND(),"") | J85: =IF(AND(ISNUMBER(SEARCH("Lunch",$C85)),$D85="Asian"),RAND(),"") | K85: =IF(AND(ISNUMBER(SEARCH("Lunch",$C85)),$D85="Chinese"),RAND(),"") | L85: =IF(AND(ISNUMBER(SEARCH("Lunch",$C85)),$D85="Western"),RAND(),"") | M85: =IF(AND(ISNUMBER(SEARCH("Dinner",$C85)),$D85="Asian"),RAND(),"") | N85: =IF(AND(ISNUMBER(SEARCH("Dinner",$C85)),$D85="Chinese"),RAND(),"") | O85: =IF(AND(ISNUMBER(SEARCH("Dinner",$C85)),$D85="Western"),RAND(),"") | P85: TRUE
A86: Chicken Mushroom Horfun | B86: Thigh, Shiitake Mushroom, Ginger, Broth, Hor Fun Noodles, Garlic, Choy Sum, Chicken Stock, Shaoxing Wine, Soy Sauce | C86: Lunch | D86: Chinese | E86: High | F86: https://www.instagram.com/p/CUHRQj0vftA/?igshid=N2NmMDY0OWE%3D | G86: =IF(AND(ISNUMBER(SEARCH("Breakfast",$C86)),$D86="Asian"),RAND(),"") | H86: =IF(AND(ISNUMBER(SEARCH("Breakfast",$C86)),$D86="Chinese"),RAND(),"") | I86: =IF(AND(ISNUMBER(SEARCH("Breakfast",$C86)),$D86="Western"),RAND(),"") | J86: =IF(AND(ISNUMBER(SEARCH("Lunch",$C86)),$D86="Asian"),RAND(),"") | K86: =IF(AND(ISNUMBER(SEARCH("Lunch",$C86)),$D86="Chinese"),RAND(),"") | L86: =IF(AND(ISNUMBER(SEARCH("Lunch",$C86)),$D86="Western"),RAND(),"") | M86: =IF(AND(ISNUMBER(SEARCH("Dinner",$C86)),$D86="Asian"),RAND(),"") | N86: =IF(AND(ISNUMBER(SEARCH("Dinner",$C86)),$D86="Chinese"),RAND(),"") | O86: =IF(AND(ISNUMBER(SEARCH("Dinner",$C86)),$D86="Western"),RAND(),"")
A87: Chicken Porridge | B87: Chicken Thigh, Rice, Shiitake Mushroom, Corn Kernels, Carrot | C87: Breakfast | D87: Chinese | E87: Low | F87: http://xhslink.com/a/qBIxlQmNWbsX | G87: =IF(AND(ISNUMBER(SEARCH("Breakfast",$C87)),$D87="Asian"),RAND(),"") | H87: =IF(AND(ISNUMBER(SEARCH("Breakfast",$C87)),$D87="Chinese"),RAND(),"") | I87: =IF(AND(ISNUMBER(SEARCH("Breakfast",$C87)),$D87="Western"),RAND(),"") | J87: =IF(AND(ISNUMBER(SEARCH("Lunch",$C87)),$D87="Asian"),RAND(),"") | K87: =IF(AND(ISNUMBER(SEARCH("Lunch",$C87)),$D87="Chinese"),RAND(),"") | L87: =IF(AND(ISNUMBER(SEARCH("Lunch",$C87)),$D87="Western"),RAND(),"") | M87: =IF(AND(ISNUMBER(SEARCH("Dinner",$C87)),$D87="Asian"),RAND(),"") | N87: =IF(AND(ISNUMBER(SEARCH("Dinner",$C87)),$D87="Chinese"),RAND(),"") | O87: =IF(AND(ISNUMBER(SEARCH("Dinner",$C87)),$D87="Western"),RAND(),"")
A88: Chicken Potato | B88: Chicken Thigh, Potato, Mirin, Sake, Soy Sauce, Garlic, Butter | C88: Dinner | D88: Asian | E88: High | F88: https://www.instagram.com/reel/DPqKhp1ExWP/?utm_source=ig_web_button_share_sheet | G88: =IF(AND(ISNUMBER(SEARCH("Breakfast",$C88)),$D88="Asian"),RAND(),"") | H88: =IF(AND(ISNUMBER(SEARCH("Breakfast",$C88)),$D88="Chinese"),RAND(),"") | I88: =IF(AND(ISNUMBER(SEARCH("Breakfast",$C88)),$D88="Western"),RAND(),"") | J88: =IF(AND(ISNUMBER(SEARCH("Lunch",$C88)),$D88="Asian"),RAND(),"") | K88: =IF(AND(ISNUMBER(SEARCH("Lunch",$C88)),$D88="Chinese"),RAND(),"") | L88: =IF(AND(ISNUMBER(SEARCH("Lunch",$C88)),$D88="Western"),RAND(),"") | M88: =IF(AND(ISNUMBER(SEARCH("Dinner",$C88)),$D88="Asian"),RAND(),"") | N88: =IF(AND(ISNUMBER(SEARCH("Dinner",$C88)),$D88="Chinese"),RAND(),"") | O88: =IF(AND(ISNUMBER(SEARCH("Dinner",$C88)),$D88="Western"),RAND(),"")
A89: Chicken Salad | B89: Chicken Breast, Spinach, Eggs, Mayonaise, Miso | C89: Lunch | D89: Western | E89: Low | F89: https://www.instagram.com/reel/DPQ6rsFFH2D/?igsh=MXBydThoOXdmYTNuOA== | G89: =IF(AND(ISNUMBER(SEARCH("Breakfast",$C89)),$D89="Asian"),RAND(),"") | H89: =IF(AND(ISNUMBER(SEARCH("Breakfast",$C89)),$D89="Chinese"),RAND(),"") | I89: =IF(AND(ISNUMBER(SEARCH("Breakfast",$C89)),$D89="Western"),RAND(),"") | J89: =IF(AND(ISNUMBER(SEARCH("Lunch",$C89)),$D89="Asian"),RAND(),"") | K89: =IF(AND(ISNUMBER(SEARCH("Lunch",$C89)),$D89="Chinese"),RAND(),"") | L89: =IF(AND(ISNUMBER(SEARCH("Lunch",$C89)),$D89="Western"),RAND(),"") | M89: =IF(AND(ISNUMBER(SEARCH("Dinner",$C89)),$D89="Asian"),RAND(),"") | N89: =IF(AND(ISNUMBER(SEARCH("Dinner",$C89)),$D89="Chinese"),RAND(),"") | O89: =IF(AND(ISNUMBER(SEARCH("Dinner",$C89)),$D89="Western"),RAND(),"")
A90: Chicken skewers | B90: Chicken thigh, Lemon, Onion powder, Garlic powder, Garlic, Paprika, Butter | C90: Dinner | D90: Western | E90: Low | F90: https://www.instagram.com/reel/CwEWvadqRBI/?igshid=MzRlODBiNWFlZA== | G90: =IF(AND(ISNUMBER(SEARCH("Breakfast",$C90)),$D90="Asian"),RAND(),"") | H90: =IF(AND(ISNUMBER(SEARCH("Breakfast",$C90)),$D90="Chinese"),RAND(),"") | I90: =IF(AND(ISNUMBER(SEARCH("Breakfast",$C90)),$D90="Western"),RAND(),"") | J90: =IF(AND(ISNUMBER(SEARCH("Lunch",$C90)),$D90="Asian"),RAND(),"") | K90: =IF(AND(ISNUMBER(SEARCH("Lunch",$C90)),$D90="Chinese"),RAND(),"") | L90: =IF(AND(ISNUMBER(SEARCH("Lunch",$C90)),$D90="Western"),RAND(),"") | M90: =IF(AND(ISNUMBER(SEARCH("Dinner",$C90)),$D90="Asian"),RAND(),"") | N90: =IF(AND(ISNUMBER(SEARCH("Dinner",$C90)),$D90="Chinese"),RAND(),"") | O90: =IF(AND(ISNUMBER(SEARCH("Dinner",$C90)),$D90="Western"),RAND(),"")
A91: Chicken Soup | B91: Goji, Drumstick, ginger, Garlic, Coriander, Lemon, White Sesame, Sugar, Oyster Sauce, Soya Sauce, Vinegar, Sesame Oil, Chicken Thigh, Corn, Dong Gu, Brown Mushroom, Red Dates, Rice Wine, Herbal Chicken Pack, Black Chicken | C91: Dinner | D91: Chinese | E91: High | F91: https://www.instagram.com/reel/CoPkIDYhLVd/?igshid=YmMyMTA2M2Y= | G91: =IF(AND(ISNUMBER(SEARCH("Breakfast",$C91)),$D91="Asian"),RAND(),"") | H91: =IF(AND(ISNUMBER(SEARCH("Breakfast",$C91)),$D91="Chinese"),RAND(),"") | I91: =IF(AND(ISNUMBER(SEARCH("Breakfast",$C91)),$D91="Western"),RAND(),"") | J91: =IF(AND(ISNUMBER(SEARCH("Lunch",$C91)),$D91="Asian"),RAND(),"") | K91: =IF(AND(ISNUMBER(SEARCH("Lunch",$C91)),$D91="Chinese"),RAND(),"") | L91: =IF(AND(ISNUMBER(SEARCH("Lunch",$C91)),$D91="Western"),RAND(),"") | M91: =IF(AND(ISNUMBER(SEARCH("Dinner",$C91)),$D91="Asian"),RAND(),"") | N91: =IF(AND(ISNUMBER(SEARCH("Dinner",$C91)),$D91="Chinese"),RAND(),"") | O91: =IF(AND(ISNUMBER(SEARCH("Dinner",$C91)),$D91="Western"),RAND(),"") | P91: TRUE
A92: Chicken Stock Tofu Soup | B92: chicken wings, kelp, Ginger, Leek, Tofu | C92: Dinner | D92: Chinese | E92: Med | F92: https://www.instagram.com/reel/DGSOYFpRnZh/?utm_source=ig_web_copy_link | G92: =IF(AND(ISNUMBER(SEARCH("Breakfast",$C92)),$D92="Asian"),RAND(),"") | H92: =IF(AND(ISNUMBER(SEARCH("Breakfast",$C92)),$D92="Chinese"),RAND(),"") | I92: =IF(AND(ISNUMBER(SEARCH("Breakfast",$C92)),$D92="Western"),RAND(),"") | J92: =IF(AND(ISNUMBER(SEARCH("Lunch",$C92)),$D92="Asian"),RAND(),"") | K92: =IF(AND(ISNUMBER(SEARCH("Lunch",$C92)),$D92="Chinese"),RAND(),"") | L92: =IF(AND(ISNUMBER(SEARCH("Lunch",$C92)),$D92="Western"),RAND(),"") | M92: =IF(AND(ISNUMBER(SEARCH("Dinner",$C92)),$D92="Asian"),RAND(),"") | N92: =IF(AND(ISNUMBER(SEARCH("Dinner",$C92)),$D92="Chinese"),RAND(),"") | O92: =IF(AND(ISNUMBER(SEARCH("Dinner",$C92)),$D92="Western"),RAND(),"") | P92: TRUE
A93: Chicken Teriyaki | B93: Soya Sauce, Orange, Garlic Powder, Ginger, Honey, Chicken Thighs, Corn Starch | C93: Dinner | D93: Asian | E93: Med | F93: https://www.instagram.com/reel/CqdPQuRjYVH/?igshid=MzRlODBiNWFlZA== | G93: =IF(AND(ISNUMBER(SEARCH("Breakfast",$C93)),$D93="Asian"),RAND(),"") | H93: =IF(AND(ISNUMBER(SEARCH("Breakfast",$C93)),$D93="Chinese"),RAND(),"") | I93: =IF(AND(ISNUMBER(SEARCH("Breakfast",$C93)),$D93="Western"),RAND(),"") | J93: =IF(AND(ISNUMBER(SEARCH("Lunch",$C93)),$D93="Asian"),RAND(),"") | K93: =IF(AND(ISNUMBER(SEARCH("Lunch",$C93)),$D93="Chinese"),RAND(),"") | L93: =IF(AND(ISNUMBER(SEARCH("Lunch",$C93)),$D93="Western"),RAND(),"") | M93: =IF(AND(ISNUMBER(SEARCH("Dinner",$C93)),$D93="Asian"),RAND(),"") | N93: =IF(AND(ISNUMBER(SEARCH("Dinner",$C93)),$D93="Chinese"),RAND(),"") | O93: =IF(AND(ISNUMBER(SEARCH("Dinner",$C93)),$D93="Western"),RAND(),"")
A94: Chicken Thigh | B94: Boneless Chicken Thigh, Fish Sauce, Lemon, Sugar, 花椒油, Soya Sauce, Garlic, Coriander, Cilantro, Lime, Garlic Cloves, Cumin, Chilli Powder, Black Pepper, King Oyster Mushroom, Onion, Spring Onion, Mirin, Miso, Potato, Carrot, Chick Stock, Butter | C94: Dinner | D94: Asian | E94: High | F94: https://icook.tw/recipes/406840?utm_source=copy&utm_medium=sharev3&utm_campaign=recipe-share | G94: =IF(AND(ISNUMBER(SEARCH("Breakfast",$C94)),$D94="Asian"),RAND(),"") | H94: =IF(AND(ISNUMBER(SEARCH("Breakfast",$C94)),$D94="Chinese"),RAND(),"") | I94: =IF(AND(ISNUMBER(SEARCH("Breakfast",$C94)),$D94="Western"),RAND(),"") | J94: =IF(AND(ISNUMBER(SEARCH("Lunch",$C94)),$D94="Asian"),RAND(),"") | K94: =IF(AND(ISNUMBER(SEARCH("Lunch",$C94)),$D94="Chinese"),RAND(),"") | L94: =IF(AND(ISNUMBER(SEARCH("Lunch",$C94)),$D94="Western"),RAND(),"") | M94: =IF(AND(ISNUMBER(SEARCH("Dinner",$C94)),$D94="Asian"),RAND(),"") | N94: =IF(AND(ISNUMBER(SEARCH("Dinner",$C94)),$D94="Chinese"),RAND(),"") | O94: =IF(AND(ISNUMBER(SEARCH("Dinner",$C94)),$D94="Western"),RAND(),"")
A95: Chicken Vegetable Stew | B95: Chicken Thigh, Onion, Wawacai, Pumpkin, Shimeiji Mushroom, Shiitake Mushroom, Carrots, Spring Onion, Soy Sauce, Shaoxing Wine, Minced Garlic, Black Pepper | C95: Dinner | D95: Western | E95: Low | F95: https://www.instagram.com/reel/DQb3EzwEsdU/?utm_source=ig_web_button_share_sheet | G95: =IF(AND(ISNUMBER(SEARCH("Breakfast",$C95)),$D95="Asian"),RAND(),"") | H95: =IF(AND(ISNUMBER(SEARCH("Breakfast",$C95)),$D95="Chinese"),RAND(),"") | I95: =IF(AND(ISNUMBER(SEARCH("Breakfast",$C95)),$D95="Western"),RAND(),"") | J95: =IF(AND(ISNUMBER(SEARCH("Lunch",$C95)),$D95="Asian"),RAND(),"") | K95: =IF(AND(ISNUMBER(SEARCH("Lunch",$C95)),$D95="Chinese"),RAND(),"") | L95: =IF(AND(ISNUMBER(SEARCH("Lunch",$C95)),$D95="Western"),RAND(),"") | M95: =IF(AND(ISNUMBER(SEARCH("Dinner",$C95)),$D95="Asian"),RAND(),"") | N95: =IF(AND(ISNUMBER(SEARCH("Dinner",$C95)),$D95="Chinese"),RAND(),"") | O95: =IF(AND(ISNUMBER(SEARCH("Dinner",$C95)),$D95="Western"),RAND(),"")
A96: Chicken Winter melon Soup | B96: Chicken Thigh, Ginger, Shiitake Mushrooms, Winter Melon | C96: Dinner | D96: Chinese | E96: Low | F96: https://www.instagram.com/reel/DOYziPkjtio/?igsh=MWh3eXgyYzZpdmU5aw== | G96: =IF(AND(ISNUMBER(SEARCH("Breakfast",$C96)),$D96="Asian"),RAND(),"") | H96: =IF(AND(ISNUMBER(SEARCH("Breakfast",$C96)),$D96="Chinese"),RAND(),"") | I96: =IF(AND(ISNUMBER(SEARCH("Breakfast",$C96)),$D96="Western"),RAND(),"") | J96: =IF(AND(ISNUMBER(SEARCH("Lunch",$C96)),$D96="Asian"),RAND(),"") | K96: =IF(AND(ISNUMBER(SEARCH("Lunch",$C96)),$D96="Chinese"),RAND(),"") | L96: =IF(AND(ISNUMBER(SEARCH("Lunch",$C96)),$D96="Western"),RAND(),"") | M96: =IF(AND(ISNUMBER(SEARCH("Dinner",$C96)),$D96="Asian"),RAND(),"") | N96: =IF(AND(ISNUMBER(SEARCH("Dinner",$C96)),$D96="Chinese"),RAND(),"") | O96: =IF(AND(ISNUMBER(SEARCH("Dinner",$C96)),$D96="Western"),RAND(),"") | P96: TRUE
A97: Chilled Tomato | B97: Cherry Tomato, Lemon Leaves, Lemon, Sugar | C97: Dinner | D97: Western | E97: Low | F97: https://www.instagram.com/reel/DY8mwIngR9D/?igsh=ZmF0MTltYnZrZmx4 | G97: =IF(AND(ISNUMBER(SEARCH("Breakfast",$C97)),$D97="Asian"),RAND(),"") | H97: =IF(AND(ISNUMBER(SEARCH("Breakfast",$C97)),$D97="Chinese"),RAND(),"") | I97: =IF(AND(ISNUMBER(SEARCH("Breakfast",$C97)),$D97="Western"),RAND(),"") | J97: =IF(AND(ISNUMBER(SEARCH("Lunch",$C97)),$D97="Asian"),RAND(),"") | K97: =IF(AND(ISNUMBER(SEARCH("Lunch",$C97)),$D97="Chinese"),RAND(),"") | L97: =IF(AND(ISNUMBER(SEARCH("Lunch",$C97)),$D97="Western"),RAND(),"") | M97: =IF(AND(ISNUMBER(SEARCH("Dinner",$C97)),$D97="Asian"),RAND(),"") | N97: =IF(AND(ISNUMBER(SEARCH("Dinner",$C97)),$D97="Chinese"),RAND(),"") | O97: =IF(AND(ISNUMBER(SEARCH("Dinner",$C97)),$D97="Western"),RAND(),"")
A98: Chinese Rice | B98: Rice, Chinese Sausage, Shiitake Mushroom, Onion, Corn, Soy Sauce, Chicken Stock, Oyster Sauce, Zucchini | C98: Dinner | D98: Chinese | E98: Med | F98: https://www.instagram.com/reel/DKKl_viJfov/?igsh=cjJhY3d0aHp3ZjYx | G98: =IF(AND(ISNUMBER(SEARCH("Breakfast",$C98)),$D98="Asian"),RAND(),"") | H98: =IF(AND(ISNUMBER(SEARCH("Breakfast",$C98)),$D98="Chinese"),RAND(),"") | I98: =IF(AND(ISNUMBER(SEARCH("Breakfast",$C98)),$D98="Western"),RAND(),"") | J98: =IF(AND(ISNUMBER(SEARCH("Lunch",$C98)),$D98="Asian"),RAND(),"") | K98: =IF(AND(ISNUMBER(SEARCH("Lunch",$C98)),$D98="Chinese"),RAND(),"") | L98: =IF(AND(ISNUMBER(SEARCH("Lunch",$C98)),$D98="Western"),RAND(),"") | M98: =IF(AND(ISNUMBER(SEARCH("Dinner",$C98)),$D98="Asian"),RAND(),"") | N98: =IF(AND(ISNUMBER(SEARCH("Dinner",$C98)),$D98="Chinese"),RAND(),"") | O98: =IF(AND(ISNUMBER(SEARCH("Dinner",$C98)),$D98="Western"),RAND(),"")
A99: Chinese Yam Apple Salad | B99: 山药, apple, White sesame, Mayonaise, Miso, Soy Sauce | C99: Dinner | D99: Western | E99: Low | F99: https://icook.tw/recipes/395244?utm_source=copy&utm_medium=sharev3&utm_campaign=recipe-share | G99: =IF(AND(ISNUMBER(SEARCH("Breakfast",$C99)),$D99="Asian"),RAND(),"") | H99: =IF(AND(ISNUMBER(SEARCH("Breakfast",$C99)),$D99="Chinese"),RAND(),"") | I99: =IF(AND(ISNUMBER(SEARCH("Breakfast",$C99)),$D99="Western"),RAND(),"") | J99: =IF(AND(ISNUMBER(SEARCH("Lunch",$C99)),$D99="Asian"),RAND(),"") | K99: =IF(AND(ISNUMBER(SEARCH("Lunch",$C99)),$D99="Chinese"),RAND(),"") | L99: =IF(AND(ISNUMBER(SEARCH("Lunch",$C99)),$D99="Western"),RAND(),"") | M99: =IF(AND(ISNUMBER(SEARCH("Dinner",$C99)),$D99="Asian"),RAND(),"") | N99: =IF(AND(ISNUMBER(SEARCH("Dinner",$C99)),$D99="Chinese"),RAND(),"") | O99: =IF(AND(ISNUMBER(SEARCH("Dinner",$C99)),$D99="Western"),RAND(),"")
A100: ChiuChow Fish | B100: Pomfret, Ginger, Dong gu/shitake, 榨菜, Salted Plums, Tomato, Rice Wine, Spring Onion, Coriander, Dong Gu, Sour/Salted Vegatable | C100: Dinner | D100: Chinese | E100: Med | F100: https://youtu.be/jVipaP3HzUw | G100: =IF(AND(ISNUMBER(SEARCH("Breakfast",$C100)),$D100="Asian"),RAND(),"") | H100: =IF(AND(ISNUMBER(SEARCH("Breakfast",$C100)),$D100="Chinese"),RAND(),"") | I100: =IF(AND(ISNUMBER(SEARCH("Breakfast",$C100)),$D100="Western"),RAND(),"") | J100: =IF(AND(ISNUMBER(SEARCH("Lunch",$C100)),$D100="Asian"),RAND(),"") | K100: =IF(AND(ISNUMBER(SEARCH("Lunch",$C100)),$D100="Chinese"),RAND(),"") | L100: =IF(AND(ISNUMBER(SEARCH("Lunch",$C100)),$D100="Western"),RAND(),"") | M100: =IF(AND(ISNUMBER(SEARCH("Dinner",$C100)),$D100="Asian"),RAND(),"") | N100: =IF(AND(ISNUMBER(SEARCH("Dinner",$C100)),$D100="Chinese"),RAND(),"") | O100: =IF(AND(ISNUMBER(SEARCH("Dinner",$C100)),$D100="Western"),RAND(),"")
A101: Cilantro Lime Salmon | B101: Salmon Fillets, Butter, Garlic, Vegetable Broth, Lime Juice, Honey, Cumin, Cilantro | C101: Dinner | D101: Western | E101: Low | F101: https://youtu.be/tA7I-OCRSfc | G101: =IF(AND(ISNUMBER(SEARCH("Breakfast",$C101)),$D101="Asian"),RAND(),"") | H101: =IF(AND(ISNUMBER(SEARCH("Breakfast",$C101)),$D101="Chinese"),RAND(),"") | I101: =IF(AND(ISNUMBER(SEARCH("Breakfast",$C101)),$D101="Western"),RAND(),"") | J101: =IF(AND(ISNUMBER(SEARCH("Lunch",$C101)),$D101="Asian"),RAND(),"") | K101: =IF(AND(ISNUMBER(SEARCH("Lunch",$C101)),$D101="Chinese"),RAND(),"") | L101: =IF(AND(ISNUMBER(SEARCH("Lunch",$C101)),$D101="Western"),RAND(),"") | M101: =IF(AND(ISNUMBER(SEARCH("Dinner",$C101)),$D101="Asian"),RAND(),"") | N101: =IF(AND(ISNUMBER(SEARCH("Dinner",$C101)),$D101="Chinese"),RAND(),"") | O101: =IF(AND(ISNUMBER(SEARCH("Dinner",$C101)),$D101="Western"),RAND(),"")
...

Sheet Read Me
A1: Read Me
A3: USE:
A4: 1. Generator tab. In the top grid, type how many Asian / Chinese / Western you want for each meal. Total column shows the per-meal sum.
A5: 2. Edit the reshuffle cell (B9): tap, type a space, Enter, delete — all picks refresh, no repeats within a meal+cuisine.
A6: 3. Works in the Google Sheets phone app.
A8: CEILINGS (max available per meal × cuisine — asking for more leaves blanks):
A9: Breakfast: Asian 3 · Chinese 2 · Western 11 | Lunch: Asian 26 · Chinese 26 · Western 44 | Dinner: Asian 89 · Chinese 160 · Western 58
A10: Unsure-cuisine dishes are excluded from picks until you reclassify them on the All Recipes tab (column D).
A12: LIMITS:
A13: • Cuisine is a heuristic best-guess; Confidence column flags Low ones to fix. Edit column D on All Recipes to correct — the generator updates automatically.
A14: • Standard functions only (RAND, SEARCH, AND, LARGE, INDEX, MATCH, IF); verified to recalc cleanly. Open in Google to confirm reshuffle.
A15: • Keep All Recipes columns G–O (hidden) — they are the per-meal-cuisine random helpers.
